,filename,chandler,joey,monica,phoebe,rachel,ross
0,0_8wewPn7TZfs_0.jpg,0.0,0.0,0.0,0.0,1.0,0.0
1,0_8wewPn7TZfs_1.jpg,0.0,1.0,0.0,0.0,0.0,0.0
112,0_8wewPn7TZfs_2.jpg,0.0,1.0,0.0,0.0,0.0,0.0
199,0_8wewPn7TZfs_3.jpg,0.0,0.0,0.0,0.0,1.0,1.0
210,0_8wewPn7TZfs_4.jpg,0.0,0.0,1.0,0.0,1.0,1.0
221,0_8wewPn7TZfs_5.jpg,0.0,0.0,1.0,0.0,1.0,1.0
232,0_8wewPn7TZfs_6.jpg,0.0,0.0,1.0,0.0,1.0,1.0
243,0_8wewPn7TZfs_7.jpg,0.0,0.0,1.0,0.0,1.0,1.0
254,0_8wewPn7TZfs_8.jpg,0.0,0.0,1.0,0.0,1.0,1.0
265,0_8wewPn7TZfs_9.jpg,0.0,0.0,1.0,0.0,1.0,0.0
2,0_8wewPn7TZfs_10.jpg,0.0,1.0,0.0,0.0,0.0,0.0
13,0_8wewPn7TZfs_11.jpg,0.0,1.0,0.0,0.0,0.0,0.0
24,0_8wewPn7TZfs_12.jpg,0.0,1.0,0.0,0.0,0.0,0.0
35,0_8wewPn7TZfs_13.jpg,0.0,0.0,1.0,0.0,1.0,0.0
46,0_8wewPn7TZfs_14.jpg,0.0,0.0,1.0,0.0,1.0,0.0
57,0_8wewPn7TZfs_15.jpg,0.0,0.0,1.0,0.0,1.0,0.0
68,0_8wewPn7TZfs_16.jpg,0.0,0.0,1.0,0.0,1.0,0.0
79,0_8wewPn7TZfs_17.jpg,0.0,0.0,1.0,0.0,1.0,0.0
90,0_8wewPn7TZfs_18.jpg,0.0,0.0,1.0,0.0,1.0,0.0
101,0_8wewPn7TZfs_19.jpg,0.0,0.0,1.0,0.0,1.0,0.0
113,0_8wewPn7TZfs_20.jpg,1.0,0.0,0.0,0.0,0.0,0.0
124,0_8wewPn7TZfs_21.jpg,1.0,0.0,0.0,0.0,0.0,0.0
135,0_8wewPn7TZfs_22.jpg,1.0,0.0,0.0,0.0,0.0,0.0
146,0_8wewPn7TZfs_23.jpg,0.0,0.0,1.0,0.0,1.0,1.0
157,0_8wewPn7TZfs_24.jpg,0.0,0.0,1.0,0.0,1.0,1.0
168,0_8wewPn7TZfs_25.jpg,0.0,0.0,1.0,0.0,1.0,1.0
179,0_8wewPn7TZfs_26.jpg,0.0,0.0,1.0,0.0,1.0,1.0
190,0_8wewPn7TZfs_27.jpg,1.0,0.0,0.0,0.0,0.0,0.0
197,0_8wewPn7TZfs_28.jpg,1.0,0.0,0.0,0.0,0.0,0.0
198,0_8wewPn7TZfs_29.jpg,0.0,0.0,1.0,0.0,1.0,1.0
200,0_8wewPn7TZfs_30.jpg,0.0,0.0,1.0,0.0,1.0,1.0
201,0_8wewPn7TZfs_31.jpg,0.0,0.0,1.0,0.0,1.0,1.0
202,0_8wewPn7TZfs_32.jpg,0.0,0.0,0.0,0.0,1.0,1.0
203,0_8wewPn7TZfs_33.jpg,0.0,0.0,0.0,0.0,1.0,1.0
204,0_8wewPn7TZfs_34.jpg,0.0,0.0,0.0,0.0,1.0,1.0
205,0_8wewPn7TZfs_35.jpg,0.0,0.0,0.0,0.0,1.0,1.0
206,0_8wewPn7TZfs_36.jpg,0.0,0.0,0.0,0.0,1.0,1.0
207,0_8wewPn7TZfs_37.jpg,0.0,0.0,0.0,0.0,1.0,1.0
208,0_8wewPn7TZfs_38.jpg,0.0,0.0,0.0,0.0,1.0,1.0
209,0_8wewPn7TZfs_39.jpg,0.0,0.0,0.0,0.0,1.0,1.0
211,0_8wewPn7TZfs_40.jpg,0.0,0.0,0.0,0.0,1.0,1.0
212,0_8wewPn7TZfs_41.jpg,0.0,0.0,0.0,0.0,1.0,1.0
213,0_8wewPn7TZfs_42.jpg,0.0,0.0,0.0,0.0,1.0,1.0
214,0_8wewPn7TZfs_43.jpg,0.0,0.0,0.0,0.0,1.0,1.0
215,0_8wewPn7TZfs_44.jpg,0.0,0.0,0.0,0.0,1.0,1.0
216,0_8wewPn7TZfs_45.jpg,0.0,0.0,0.0,0.0,1.0,1.0
217,0_8wewPn7TZfs_46.jpg,0.0,0.0,0.0,0.0,1.0,1.0
218,0_8wewPn7TZfs_47.jpg,0.0,0.0,0.0,0.0,1.0,1.0
219,0_8wewPn7TZfs_48.jpg,0.0,0.0,0.0,0.0,1.0,1.0
220,0_8wewPn7TZfs_49.jpg,0.0,0.0,0.0,0.0,1.0,1.0
222,0_8wewPn7TZfs_50.jpg,0.0,0.0,0.0,0.0,1.0,1.0
223,0_8wewPn7TZfs_51.jpg,1.0,0.0,1.0,0.0,1.0,1.0
224,0_8wewPn7TZfs_52.jpg,1.0,0.0,1.0,0.0,1.0,1.0
225,0_8wewPn7TZfs_53.jpg,1.0,0.0,1.0,0.0,1.0,1.0
226,0_8wewPn7TZfs_54.jpg,0.0,0.0,1.0,0.0,1.0,0.0
227,0_8wewPn7TZfs_55.jpg,0.0,0.0,1.0,0.0,1.0,0.0
228,0_8wewPn7TZfs_56.jpg,0.0,0.0,1.0,0.0,1.0,0.0
229,0_8wewPn7TZfs_57.jpg,0.0,0.0,1.0,0.0,1.0,0.0
230,0_8wewPn7TZfs_58.jpg,0.0,0.0,1.0,0.0,1.0,0.0
231,0_8wewPn7TZfs_59.jpg,0.0,0.0,0.0,0.0,1.0,1.0
233,0_8wewPn7TZfs_60.jpg,0.0,0.0,0.0,0.0,1.0,1.0
234,0_8wewPn7TZfs_61.jpg,0.0,0.0,0.0,0.0,1.0,1.0
235,0_8wewPn7TZfs_62.jpg,0.0,0.0,1.0,0.0,1.0,1.0
236,0_8wewPn7TZfs_63.jpg,0.0,0.0,1.0,0.0,1.0,1.0
237,0_8wewPn7TZfs_64.jpg,1.0,0.0,0.0,0.0,0.0,0.0
238,0_8wewPn7TZfs_65.jpg,1.0,0.0,0.0,0.0,0.0,0.0
239,0_8wewPn7TZfs_66.jpg,1.0,0.0,0.0,0.0,0.0,0.0
240,0_8wewPn7TZfs_67.jpg,0.0,0.0,1.0,0.0,1.0,0.0
241,0_8wewPn7TZfs_68.jpg,0.0,1.0,0.0,0.0,0.0,0.0
242,0_8wewPn7TZfs_69.jpg,0.0,1.0,0.0,0.0,0.0,0.0
244,0_8wewPn7TZfs_70.jpg,0.0,1.0,1.0,0.0,1.0,1.0
245,0_8wewPn7TZfs_71.jpg,0.0,1.0,1.0,0.0,1.0,1.0
246,0_8wewPn7TZfs_72.jpg,0.0,1.0,0.0,0.0,0.0,0.0
247,0_8wewPn7TZfs_73.jpg,1.0,0.0,0.0,0.0,0.0,0.0
248,0_8wewPn7TZfs_74.jpg,0.0,1.0,0.0,0.0,0.0,0.0
249,0_8wewPn7TZfs_75.jpg,0.0,1.0,0.0,0.0,0.0,0.0
250,0_8wewPn7TZfs_76.jpg,0.0,1.0,0.0,0.0,0.0,0.0
251,0_8wewPn7TZfs_77.jpg,0.0,0.0,1.0,0.0,1.0,0.0
252,0_8wewPn7TZfs_78.jpg,1.0,0.0,1.0,0.0,0.0,0.0
253,0_8wewPn7TZfs_79.jpg,1.0,0.0,1.0,0.0,0.0,0.0
255,0_8wewPn7TZfs_80.jpg,0.0,0.0,0.0,0.0,1.0,0.0
256,0_8wewPn7TZfs_81.jpg,0.0,0.0,0.0,0.0,1.0,0.0
257,0_8wewPn7TZfs_82.jpg,0.0,0.0,0.0,0.0,1.0,0.0
258,0_8wewPn7TZfs_83.jpg,1.0,0.0,0.0,0.0,0.0,0.0
259,0_8wewPn7TZfs_84.jpg,0.0,0.0,0.0,0.0,0.0,0.0
260,0_8wewPn7TZfs_85.jpg,1.0,1.0,1.0,1.0,0.0,0.0
261,0_8wewPn7TZfs_86.jpg,1.0,1.0,1.0,1.0,0.0,0.0
262,0_8wewPn7TZfs_87.jpg,1.0,1.0,1.0,0.0,0.0,0.0
263,0_8wewPn7TZfs_88.jpg,1.0,1.0,1.0,0.0,0.0,0.0
264,0_8wewPn7TZfs_89.jpg,1.0,0.0,1.0,0.0,0.0,0.0
266,0_8wewPn7TZfs_90.jpg,1.0,1.0,1.0,0.0,0.0,0.0
267,0_8wewPn7TZfs_91.jpg,1.0,1.0,1.0,0.0,0.0,0.0
268,0_8wewPn7TZfs_92.jpg,0.0,1.0,1.0,0.0,1.0,0.0
269,0_8wewPn7TZfs_93.jpg,0.0,1.0,1.0,0.0,1.0,0.0
270,0_8wewPn7TZfs_94.jpg,0.0,1.0,1.0,0.0,1.0,0.0
271,0_8wewPn7TZfs_95.jpg,0.0,0.0,1.0,0.0,1.0,0.0
272,0_8wewPn7TZfs_96.jpg,0.0,0.0,1.0,0.0,1.0,0.0
273,0_8wewPn7TZfs_97.jpg,0.0,0.0,1.0,0.0,1.0,0.0
274,0_8wewPn7TZfs_98.jpg,0.0,0.0,1.0,0.0,1.0,0.0
275,0_8wewPn7TZfs_99.jpg,0.0,0.0,0.0,0.0,1.0,0.0
3,0_8wewPn7TZfs_100.jpg,0.0,0.0,0.0,0.0,1.0,0.0
4,0_8wewPn7TZfs_101.jpg,1.0,0.0,1.0,1.0,0.0,0.0
5,0_8wewPn7TZfs_102.jpg,1.0,0.0,1.0,1.0,0.0,0.0
6,0_8wewPn7TZfs_103.jpg,1.0,0.0,1.0,1.0,0.0,0.0
7,0_8wewPn7TZfs_104.jpg,1.0,0.0,1.0,1.0,0.0,0.0
8,0_8wewPn7TZfs_105.jpg,1.0,0.0,1.0,1.0,0.0,0.0
9,0_8wewPn7TZfs_106.jpg,1.0,0.0,1.0,1.0,0.0,0.0
10,0_8wewPn7TZfs_107.jpg,1.0,0.0,1.0,0.0,0.0,0.0
11,0_8wewPn7TZfs_108.jpg,0.0,0.0,0.0,0.0,0.0,0.0
12,0_8wewPn7TZfs_109.jpg,0.0,0.0,0.0,0.0,0.0,0.0
14,0_8wewPn7TZfs_110.jpg,0.0,0.0,1.0,0.0,1.0,0.0
15,0_8wewPn7TZfs_111.jpg,0.0,0.0,1.0,0.0,1.0,0.0
16,0_8wewPn7TZfs_112.jpg,0.0,0.0,1.0,0.0,1.0,0.0
17,0_8wewPn7TZfs_113.jpg,0.0,0.0,1.0,0.0,0.0,0.0
18,0_8wewPn7TZfs_114.jpg,0.0,0.0,1.0,0.0,1.0,0.0
19,0_8wewPn7TZfs_115.jpg,0.0,0.0,0.0,0.0,0.0,0.0
20,0_8wewPn7TZfs_116.jpg,0.0,0.0,0.0,0.0,0.0,0.0
21,0_8wewPn7TZfs_117.jpg,0.0,0.0,1.0,0.0,1.0,0.0
22,0_8wewPn7TZfs_118.jpg,0.0,0.0,1.0,0.0,1.0,0.0
23,0_8wewPn7TZfs_119.jpg,0.0,0.0,1.0,0.0,1.0,0.0
25,0_8wewPn7TZfs_120.jpg,0.0,0.0,1.0,0.0,1.0,0.0
26,0_8wewPn7TZfs_121.jpg,0.0,0.0,1.0,0.0,1.0,0.0
27,0_8wewPn7TZfs_122.jpg,0.0,0.0,1.0,0.0,1.0,0.0
28,0_8wewPn7TZfs_123.jpg,0.0,0.0,1.0,0.0,1.0,0.0
29,0_8wewPn7TZfs_124.jpg,0.0,0.0,0.0,0.0,0.0,0.0
30,0_8wewPn7TZfs_125.jpg,0.0,0.0,0.0,0.0,0.0,0.0
31,0_8wewPn7TZfs_126.jpg,0.0,0.0,0.0,0.0,0.0,0.0
32,0_8wewPn7TZfs_127.jpg,0.0,0.0,0.0,0.0,0.0,0.0
33,0_8wewPn7TZfs_128.jpg,0.0,0.0,0.0,0.0,0.0,0.0
34,0_8wewPn7TZfs_129.jpg,0.0,0.0,0.0,0.0,1.0,0.0
36,0_8wewPn7TZfs_130.jpg,0.0,0.0,0.0,0.0,1.0,0.0
37,0_8wewPn7TZfs_131.jpg,0.0,0.0,0.0,0.0,1.0,0.0
38,0_8wewPn7TZfs_132.jpg,0.0,0.0,0.0,0.0,1.0,0.0
39,0_8wewPn7TZfs_133.jpg,0.0,0.0,0.0,0.0,1.0,0.0
40,0_8wewPn7TZfs_134.jpg,0.0,0.0,0.0,0.0,1.0,0.0
41,0_8wewPn7TZfs_135.jpg,0.0,0.0,0.0,0.0,1.0,0.0
42,0_8wewPn7TZfs_136.jpg,0.0,0.0,0.0,0.0,1.0,0.0
43,0_8wewPn7TZfs_137.jpg,0.0,0.0,0.0,0.0,0.0,0.0
44,0_8wewPn7TZfs_138.jpg,0.0,0.0,0.0,0.0,0.0,0.0
45,0_8wewPn7TZfs_139.jpg,0.0,0.0,0.0,0.0,1.0,0.0
47,0_8wewPn7TZfs_140.jpg,0.0,0.0,1.0,0.0,1.0,0.0
48,0_8wewPn7TZfs_141.jpg,0.0,0.0,1.0,0.0,1.0,0.0
49,0_8wewPn7TZfs_142.jpg,0.0,0.0,1.0,0.0,0.0,0.0
50,0_8wewPn7TZfs_143.jpg,0.0,0.0,1.0,0.0,0.0,0.0
51,0_8wewPn7TZfs_144.jpg,0.0,0.0,1.0,0.0,0.0,0.0
52,0_8wewPn7TZfs_145.jpg,0.0,0.0,1.0,0.0,0.0,0.0
53,0_8wewPn7TZfs_146.jpg,0.0,0.0,0.0,0.0,1.0,0.0
54,0_8wewPn7TZfs_147.jpg,0.0,0.0,0.0,0.0,1.0,0.0
55,0_8wewPn7TZfs_148.jpg,0.0,0.0,0.0,0.0,0.0,0.0
56,0_8wewPn7TZfs_149.jpg,0.0,0.0,0.0,0.0,1.0,0.0
58,0_8wewPn7TZfs_150.jpg,0.0,0.0,0.0,0.0,1.0,0.0
59,0_8wewPn7TZfs_151.jpg,0.0,0.0,0.0,0.0,1.0,0.0
60,0_8wewPn7TZfs_152.jpg,0.0,0.0,0.0,0.0,0.0,0.0
61,0_8wewPn7TZfs_153.jpg,0.0,0.0,1.0,0.0,1.0,0.0
62,0_8wewPn7TZfs_154.jpg,0.0,0.0,1.0,0.0,1.0,0.0
63,0_8wewPn7TZfs_155.jpg,0.0,0.0,1.0,0.0,1.0,0.0
64,0_8wewPn7TZfs_156.jpg,0.0,0.0,1.0,0.0,0.0,0.0
65,0_8wewPn7TZfs_157.jpg,0.0,0.0,1.0,0.0,0.0,0.0
66,0_8wewPn7TZfs_158.jpg,0.0,0.0,1.0,0.0,1.0,0.0
67,0_8wewPn7TZfs_159.jpg,0.0,0.0,1.0,0.0,0.0,0.0
69,0_8wewPn7TZfs_160.jpg,0.0,0.0,0.0,0.0,1.0,0.0
70,0_8wewPn7TZfs_161.jpg,0.0,0.0,1.0,0.0,1.0,0.0
71,0_8wewPn7TZfs_162.jpg,0.0,0.0,1.0,0.0,1.0,0.0
72,0_8wewPn7TZfs_163.jpg,0.0,0.0,0.0,0.0,0.0,0.0
73,0_8wewPn7TZfs_164.jpg,0.0,0.0,0.0,0.0,0.0,0.0
74,0_8wewPn7TZfs_165.jpg,0.0,0.0,1.0,0.0,0.0,0.0
75,0_8wewPn7TZfs_166.jpg,0.0,0.0,0.0,0.0,0.0,0.0
76,0_8wewPn7TZfs_167.jpg,0.0,0.0,1.0,0.0,0.0,0.0
77,0_8wewPn7TZfs_168.jpg,0.0,0.0,0.0,0.0,0.0,0.0
78,0_8wewPn7TZfs_169.jpg,0.0,0.0,1.0,0.0,0.0,0.0
80,0_8wewPn7TZfs_170.jpg,0.0,0.0,1.0,0.0,0.0,0.0
81,0_8wewPn7TZfs_171.jpg,0.0,0.0,1.0,0.0,1.0,0.0
82,0_8wewPn7TZfs_172.jpg,0.0,0.0,1.0,0.0,1.0,0.0
83,0_8wewPn7TZfs_173.jpg,0.0,0.0,0.0,0.0,0.0,0.0
84,0_8wewPn7TZfs_174.jpg,0.0,0.0,1.0,0.0,0.0,0.0
85,0_8wewPn7TZfs_175.jpg,0.0,0.0,0.0,0.0,0.0,0.0
86,0_8wewPn7TZfs_176.jpg,0.0,0.0,1.0,0.0,1.0,0.0
87,0_8wewPn7TZfs_177.jpg,0.0,0.0,0.0,0.0,0.0,0.0
88,0_8wewPn7TZfs_178.jpg,0.0,0.0,1.0,0.0,0.0,0.0
89,0_8wewPn7TZfs_179.jpg,0.0,0.0,1.0,0.0,1.0,0.0
91,0_8wewPn7TZfs_180.jpg,0.0,0.0,1.0,0.0,0.0,0.0
92,0_8wewPn7TZfs_181.jpg,0.0,0.0,0.0,0.0,0.0,0.0
93,0_8wewPn7TZfs_182.jpg,0.0,0.0,0.0,0.0,0.0,0.0
94,0_8wewPn7TZfs_183.jpg,0.0,0.0,1.0,0.0,0.0,0.0
95,0_8wewPn7TZfs_184.jpg,0.0,0.0,1.0,0.0,0.0,0.0
96,0_8wewPn7TZfs_185.jpg,0.0,0.0,1.0,0.0,0.0,0.0
97,0_8wewPn7TZfs_186.jpg,0.0,0.0,1.0,0.0,0.0,0.0
98,0_8wewPn7TZfs_187.jpg,0.0,0.0,1.0,0.0,0.0,0.0
99,0_8wewPn7TZfs_188.jpg,0.0,0.0,1.0,0.0,0.0,0.0
100,0_8wewPn7TZfs_189.jpg,0.0,0.0,1.0,0.0,0.0,0.0
102,0_8wewPn7TZfs_190.jpg,0.0,0.0,1.0,0.0,0.0,0.0
103,0_8wewPn7TZfs_191.jpg,0.0,0.0,1.0,0.0,0.0,0.0
104,0_8wewPn7TZfs_192.jpg,0.0,0.0,1.0,0.0,0.0,0.0
105,0_8wewPn7TZfs_193.jpg,0.0,0.0,1.0,0.0,0.0,0.0
106,0_8wewPn7TZfs_194.jpg,0.0,0.0,1.0,0.0,1.0,0.0
107,0_8wewPn7TZfs_195.jpg,0.0,0.0,1.0,0.0,1.0,0.0
108,0_8wewPn7TZfs_196.jpg,0.0,0.0,1.0,0.0,0.0,0.0
109,0_8wewPn7TZfs_197.jpg,0.0,0.0,1.0,0.0,0.0,0.0
110,0_8wewPn7TZfs_198.jpg,0.0,0.0,0.0,0.0,1.0,0.0
111,0_8wewPn7TZfs_199.jpg,0.0,0.0,1.0,0.0,1.0,0.0
114,0_8wewPn7TZfs_200.jpg,0.0,0.0,1.0,0.0,1.0,0.0
115,0_8wewPn7TZfs_201.jpg,0.0,0.0,1.0,0.0,1.0,0.0
116,0_8wewPn7TZfs_202.jpg,0.0,0.0,1.0,0.0,0.0,0.0
117,0_8wewPn7TZfs_203.jpg,0.0,0.0,1.0,0.0,0.0,0.0
118,0_8wewPn7TZfs_204.jpg,0.0,0.0,0.0,0.0,1.0,0.0
119,0_8wewPn7TZfs_205.jpg,0.0,0.0,0.0,0.0,1.0,0.0
120,0_8wewPn7TZfs_206.jpg,0.0,0.0,0.0,0.0,1.0,0.0
121,0_8wewPn7TZfs_207.jpg,0.0,0.0,1.0,0.0,1.0,0.0
122,0_8wewPn7TZfs_208.jpg,0.0,0.0,1.0,0.0,1.0,0.0
123,0_8wewPn7TZfs_209.jpg,0.0,0.0,1.0,0.0,0.0,0.0
125,0_8wewPn7TZfs_210.jpg,0.0,0.0,1.0,0.0,1.0,0.0
126,0_8wewPn7TZfs_211.jpg,0.0,0.0,1.0,0.0,1.0,0.0
127,0_8wewPn7TZfs_212.jpg,0.0,0.0,1.0,0.0,1.0,0.0
128,0_8wewPn7TZfs_213.jpg,0.0,0.0,1.0,0.0,1.0,0.0
129,0_8wewPn7TZfs_214.jpg,0.0,0.0,1.0,0.0,1.0,0.0
130,0_8wewPn7TZfs_215.jpg,0.0,0.0,0.0,0.0,1.0,0.0
131,0_8wewPn7TZfs_216.jpg,0.0,0.0,0.0,0.0,1.0,0.0
132,0_8wewPn7TZfs_217.jpg,0.0,0.0,1.0,0.0,1.0,0.0
133,0_8wewPn7TZfs_218.jpg,0.0,0.0,1.0,0.0,1.0,0.0
134,0_8wewPn7TZfs_219.jpg,0.0,0.0,1.0,0.0,1.0,0.0
136,0_8wewPn7TZfs_220.jpg,0.0,0.0,0.0,0.0,1.0,0.0
137,0_8wewPn7TZfs_221.jpg,0.0,0.0,1.0,0.0,1.0,0.0
138,0_8wewPn7TZfs_222.jpg,0.0,0.0,0.0,0.0,1.0,0.0
139,0_8wewPn7TZfs_223.jpg,0.0,0.0,0.0,0.0,1.0,0.0
140,0_8wewPn7TZfs_224.jpg,0.0,0.0,0.0,0.0,1.0,0.0
141,0_8wewPn7TZfs_225.jpg,0.0,0.0,1.0,0.0,1.0,0.0
142,0_8wewPn7TZfs_226.jpg,0.0,0.0,1.0,0.0,1.0,0.0
143,0_8wewPn7TZfs_227.jpg,0.0,0.0,1.0,0.0,1.0,0.0
144,0_8wewPn7TZfs_228.jpg,0.0,0.0,1.0,0.0,1.0,0.0
145,0_8wewPn7TZfs_229.jpg,0.0,0.0,0.0,0.0,1.0,0.0
147,0_8wewPn7TZfs_230.jpg,0.0,0.0,0.0,0.0,1.0,0.0
148,0_8wewPn7TZfs_231.jpg,0.0,0.0,0.0,0.0,1.0,0.0
149,0_8wewPn7TZfs_232.jpg,0.0,0.0,0.0,0.0,1.0,0.0
150,0_8wewPn7TZfs_233.jpg,0.0,0.0,0.0,0.0,1.0,0.0
151,0_8wewPn7TZfs_234.jpg,0.0,0.0,0.0,0.0,0.0,0.0
152,0_8wewPn7TZfs_235.jpg,0.0,0.0,0.0,0.0,0.0,0.0
153,0_8wewPn7TZfs_236.jpg,0.0,0.0,1.0,0.0,0.0,0.0
154,0_8wewPn7TZfs_237.jpg,0.0,0.0,1.0,0.0,0.0,0.0
155,0_8wewPn7TZfs_238.jpg,0.0,0.0,1.0,0.0,1.0,0.0
156,0_8wewPn7TZfs_239.jpg,0.0,0.0,1.0,0.0,1.0,0.0
158,0_8wewPn7TZfs_240.jpg,0.0,0.0,1.0,0.0,0.0,0.0
159,0_8wewPn7TZfs_241.jpg,0.0,0.0,0.0,0.0,1.0,0.0
160,0_8wewPn7TZfs_242.jpg,0.0,0.0,0.0,0.0,1.0,0.0
161,0_8wewPn7TZfs_243.jpg,0.0,0.0,1.0,0.0,0.0,0.0
162,0_8wewPn7TZfs_244.jpg,0.0,0.0,1.0,0.0,0.0,0.0
163,0_8wewPn7TZfs_245.jpg,0.0,0.0,1.0,0.0,0.0,0.0
164,0_8wewPn7TZfs_246.jpg,0.0,0.0,1.0,0.0,1.0,0.0
165,0_8wewPn7TZfs_247.jpg,0.0,0.0,1.0,0.0,1.0,0.0
166,0_8wewPn7TZfs_248.jpg,0.0,0.0,1.0,0.0,1.0,0.0
167,0_8wewPn7TZfs_249.jpg,0.0,0.0,1.0,0.0,1.0,0.0
169,0_8wewPn7TZfs_250.jpg,0.0,0.0,1.0,0.0,0.0,0.0
170,0_8wewPn7TZfs_251.jpg,0.0,0.0,1.0,0.0,0.0,0.0
171,0_8wewPn7TZfs_252.jpg,0.0,0.0,1.0,0.0,1.0,0.0
172,0_8wewPn7TZfs_253.jpg,0.0,0.0,1.0,0.0,1.0,0.0
173,0_8wewPn7TZfs_254.jpg,0.0,0.0,1.0,0.0,1.0,0.0
174,0_8wewPn7TZfs_255.jpg,0.0,0.0,1.0,0.0,1.0,0.0
175,0_8wewPn7TZfs_256.jpg,0.0,0.0,1.0,0.0,0.0,0.0
176,0_8wewPn7TZfs_257.jpg,0.0,0.0,1.0,0.0,0.0,0.0
177,0_8wewPn7TZfs_258.jpg,0.0,0.0,1.0,0.0,0.0,0.0
178,0_8wewPn7TZfs_259.jpg,0.0,0.0,0.0,0.0,1.0,0.0
180,0_8wewPn7TZfs_260.jpg,0.0,0.0,0.0,0.0,1.0,0.0
181,0_8wewPn7TZfs_261.jpg,0.0,0.0,0.0,0.0,1.0,0.0
182,0_8wewPn7TZfs_262.jpg,0.0,0.0,1.0,0.0,0.0,0.0
183,0_8wewPn7TZfs_263.jpg,0.0,0.0,1.0,0.0,0.0,0.0
184,0_8wewPn7TZfs_264.jpg,0.0,0.0,1.0,0.0,0.0,0.0
185,0_8wewPn7TZfs_265.jpg,0.0,0.0,1.0,0.0,1.0,0.0
186,0_8wewPn7TZfs_266.jpg,0.0,0.0,1.0,0.0,1.0,0.0
187,0_8wewPn7TZfs_267.jpg,0.0,0.0,1.0,0.0,0.0,0.0
188,0_8wewPn7TZfs_268.jpg,0.0,0.0,1.0,0.0,0.0,0.0
189,0_8wewPn7TZfs_269.jpg,0.0,0.0,1.0,0.0,0.0,0.0
191,0_8wewPn7TZfs_270.jpg,0.0,0.0,0.0,0.0,1.0,0.0
192,0_8wewPn7TZfs_271.jpg,0.0,0.0,0.0,0.0,1.0,0.0
193,0_8wewPn7TZfs_272.jpg,0.0,0.0,0.0,0.0,1.0,0.0
194,0_8wewPn7TZfs_273.jpg,0.0,0.0,0.0,0.0,1.0,0.0
195,0_8wewPn7TZfs_274.jpg,0.0,0.0,1.0,0.0,1.0,0.0
196,0_8wewPn7TZfs_275.jpg,0.0,0.0,1.0,0.0,1.0,0.0
276,1_Uyq66PLCvvY_0.jpg,0.0,0.0,0.0,0.0,0.0,0.0
277,1_Uyq66PLCvvY_1.jpg,0.0,0.0,1.0,0.0,0.0,0.0
288,1_Uyq66PLCvvY_2.jpg,0.0,0.0,0.0,1.0,0.0,0.0
299,1_Uyq66PLCvvY_3.jpg,0.0,0.0,0.0,1.0,0.0,0.0
310,1_Uyq66PLCvvY_4.jpg,0.0,0.0,1.0,0.0,0.0,0.0
321,1_Uyq66PLCvvY_5.jpg,0.0,0.0,1.0,0.0,0.0,0.0
329,1_Uyq66PLCvvY_6.jpg,0.0,0.0,0.0,1.0,0.0,0.0
330,1_Uyq66PLCvvY_7.jpg,0.0,0.0,0.0,1.0,0.0,0.0
331,1_Uyq66PLCvvY_8.jpg,0.0,0.0,0.0,1.0,0.0,0.0
332,1_Uyq66PLCvvY_9.jpg,0.0,0.0,0.0,1.0,0.0,0.0
278,1_Uyq66PLCvvY_10.jpg,0.0,0.0,0.0,1.0,0.0,0.0
279,1_Uyq66PLCvvY_11.jpg,0.0,0.0,1.0,0.0,0.0,0.0
280,1_Uyq66PLCvvY_12.jpg,0.0,0.0,1.0,0.0,0.0,0.0
281,1_Uyq66PLCvvY_13.jpg,0.0,0.0,1.0,0.0,0.0,0.0
282,1_Uyq66PLCvvY_14.jpg,0.0,0.0,1.0,0.0,0.0,0.0
283,1_Uyq66PLCvvY_15.jpg,0.0,0.0,0.0,1.0,0.0,0.0
284,1_Uyq66PLCvvY_16.jpg,0.0,0.0,1.0,0.0,0.0,0.0
285,1_Uyq66PLCvvY_17.jpg,0.0,0.0,0.0,1.0,0.0,0.0
286,1_Uyq66PLCvvY_18.jpg,0.0,0.0,0.0,1.0,0.0,0.0
287,1_Uyq66PLCvvY_19.jpg,0.0,0.0,0.0,1.0,0.0,0.0
289,1_Uyq66PLCvvY_20.jpg,0.0,0.0,1.0,0.0,0.0,0.0
290,1_Uyq66PLCvvY_21.jpg,0.0,0.0,1.0,0.0,0.0,0.0
291,1_Uyq66PLCvvY_22.jpg,0.0,0.0,1.0,0.0,0.0,0.0
292,1_Uyq66PLCvvY_23.jpg,0.0,0.0,1.0,0.0,0.0,0.0
293,1_Uyq66PLCvvY_24.jpg,0.0,0.0,1.0,0.0,0.0,0.0
294,1_Uyq66PLCvvY_25.jpg,0.0,0.0,0.0,1.0,0.0,0.0
295,1_Uyq66PLCvvY_26.jpg,0.0,0.0,0.0,1.0,0.0,0.0
296,1_Uyq66PLCvvY_27.jpg,0.0,0.0,0.0,1.0,0.0,0.0
297,1_Uyq66PLCvvY_28.jpg,0.0,0.0,0.0,1.0,0.0,0.0
298,1_Uyq66PLCvvY_29.jpg,0.0,0.0,1.0,0.0,0.0,0.0
300,1_Uyq66PLCvvY_30.jpg,0.0,0.0,1.0,0.0,0.0,0.0
301,1_Uyq66PLCvvY_31.jpg,0.0,0.0,1.0,0.0,0.0,0.0
302,1_Uyq66PLCvvY_32.jpg,0.0,0.0,1.0,0.0,0.0,0.0
303,1_Uyq66PLCvvY_33.jpg,0.0,0.0,0.0,1.0,0.0,0.0
304,1_Uyq66PLCvvY_34.jpg,0.0,0.0,0.0,1.0,0.0,0.0
305,1_Uyq66PLCvvY_35.jpg,0.0,0.0,0.0,1.0,0.0,0.0
306,1_Uyq66PLCvvY_36.jpg,0.0,0.0,1.0,0.0,0.0,0.0
307,1_Uyq66PLCvvY_37.jpg,0.0,0.0,0.0,1.0,0.0,0.0
308,1_Uyq66PLCvvY_38.jpg,0.0,0.0,1.0,0.0,0.0,0.0
309,1_Uyq66PLCvvY_39.jpg,0.0,0.0,1.0,0.0,0.0,0.0
311,1_Uyq66PLCvvY_40.jpg,0.0,0.0,1.0,0.0,0.0,0.0
312,1_Uyq66PLCvvY_41.jpg,0.0,0.0,1.0,0.0,0.0,0.0
313,1_Uyq66PLCvvY_42.jpg,0.0,0.0,1.0,0.0,0.0,0.0
314,1_Uyq66PLCvvY_43.jpg,0.0,0.0,1.0,0.0,0.0,0.0
315,1_Uyq66PLCvvY_44.jpg,0.0,0.0,1.0,0.0,0.0,0.0
316,1_Uyq66PLCvvY_45.jpg,0.0,0.0,1.0,0.0,0.0,0.0
317,1_Uyq66PLCvvY_46.jpg,0.0,0.0,0.0,1.0,0.0,0.0
318,1_Uyq66PLCvvY_47.jpg,0.0,0.0,0.0,1.0,0.0,0.0
319,1_Uyq66PLCvvY_48.jpg,0.0,0.0,1.0,0.0,0.0,0.0
320,1_Uyq66PLCvvY_49.jpg,0.0,0.0,1.0,0.0,0.0,0.0
322,1_Uyq66PLCvvY_50.jpg,0.0,0.0,1.0,0.0,0.0,0.0
323,1_Uyq66PLCvvY_51.jpg,0.0,0.0,1.0,0.0,0.0,0.0
324,1_Uyq66PLCvvY_52.jpg,0.0,0.0,1.0,0.0,0.0,0.0
325,1_Uyq66PLCvvY_53.jpg,0.0,0.0,0.0,1.0,0.0,0.0
326,1_Uyq66PLCvvY_54.jpg,0.0,0.0,0.0,1.0,0.0,0.0
327,1_Uyq66PLCvvY_55.jpg,0.0,0.0,0.0,1.0,0.0,0.0
328,1_Uyq66PLCvvY_56.jpg,0.0,0.0,0.0,1.0,0.0,0.0
189,1_Uyq66PLCvvY_57.jpg,0.0,0.0,0.0,1.0,0.0,0.0
190,1_Uyq66PLCvvY_58.jpg,0.0,0.0,1.0,0.0,0.0,0.0
191,1_Uyq66PLCvvY_59.jpg,0.0,0.0,1.0,0.0,0.0,0.0
192,1_Uyq66PLCvvY_60.jpg,0.0,0.0,0.0,1.0,0.0,0.0
193,1_Uyq66PLCvvY_61.jpg,0.0,0.0,0.0,1.0,0.0,0.0
194,1_Uyq66PLCvvY_62.jpg,0.0,0.0,1.0,0.0,0.0,0.0
195,1_Uyq66PLCvvY_63.jpg,0.0,0.0,1.0,0.0,0.0,0.0
196,1_Uyq66PLCvvY_64.jpg,1.0,0.0,0.0,0.0,0.0,0.0
197,1_Uyq66PLCvvY_65.jpg,0.0,0.0,1.0,0.0,0.0,0.0
198,1_Uyq66PLCvvY_66.jpg,0.0,0.0,1.0,0.0,0.0,0.0
199,1_Uyq66PLCvvY_67.jpg,0.0,0.0,1.0,0.0,0.0,0.0
200,1_Uyq66PLCvvY_68.jpg,1.0,0.0,0.0,0.0,0.0,0.0
201,1_Uyq66PLCvvY_69.jpg,1.0,0.0,0.0,0.0,0.0,0.0
202,1_Uyq66PLCvvY_70.jpg,1.0,0.0,0.0,0.0,0.0,0.0
203,1_Uyq66PLCvvY_71.jpg,1.0,0.0,0.0,0.0,0.0,0.0
204,1_Uyq66PLCvvY_72.jpg,0.0,0.0,0.0,1.0,0.0,0.0
205,1_Uyq66PLCvvY_73.jpg,0.0,0.0,0.0,1.0,0.0,0.0
206,1_Uyq66PLCvvY_74.jpg,0.0,0.0,0.0,1.0,0.0,0.0
207,1_Uyq66PLCvvY_75.jpg,1.0,0.0,1.0,0.0,0.0,0.0
208,1_Uyq66PLCvvY_76.jpg,1.0,0.0,0.0,0.0,0.0,0.0
209,1_Uyq66PLCvvY_77.jpg,0.0,0.0,1.0,0.0,0.0,0.0
210,1_Uyq66PLCvvY_78.jpg,1.0,0.0,0.0,0.0,0.0,0.0
211,1_Uyq66PLCvvY_79.jpg,1.0,0.0,0.0,0.0,0.0,0.0
212,1_Uyq66PLCvvY_80.jpg,1.0,0.0,0.0,0.0,0.0,0.0
213,1_Uyq66PLCvvY_81.jpg,1.0,0.0,1.0,0.0,0.0,0.0
214,1_Uyq66PLCvvY_82.jpg,1.0,0.0,1.0,0.0,0.0,0.0
215,1_Uyq66PLCvvY_83.jpg,1.0,0.0,0.0,0.0,0.0,0.0
216,1_Uyq66PLCvvY_84.jpg,1.0,0.0,1.0,0.0,0.0,0.0
217,1_Uyq66PLCvvY_85.jpg,1.0,0.0,1.0,0.0,0.0,0.0
218,1_Uyq66PLCvvY_86.jpg,1.0,0.0,1.0,0.0,0.0,0.0
219,1_Uyq66PLCvvY_87.jpg,1.0,0.0,1.0,0.0,0.0,0.0
220,1_Uyq66PLCvvY_88.jpg,1.0,0.0,0.0,0.0,0.0,0.0
221,1_Uyq66PLCvvY_89.jpg,1.0,0.0,0.0,0.0,0.0,0.0
222,1_Uyq66PLCvvY_90.jpg,0.0,0.0,1.0,0.0,0.0,0.0
223,1_Uyq66PLCvvY_91.jpg,0.0,0.0,1.0,0.0,0.0,0.0
224,1_Uyq66PLCvvY_92.jpg,1.0,0.0,1.0,0.0,0.0,0.0
225,1_Uyq66PLCvvY_93.jpg,1.0,0.0,0.0,0.0,0.0,0.0
226,1_Uyq66PLCvvY_94.jpg,0.0,0.0,1.0,1.0,0.0,0.0
227,1_Uyq66PLCvvY_95.jpg,1.0,0.0,0.0,0.0,0.0,0.0
228,1_Uyq66PLCvvY_96.jpg,1.0,0.0,0.0,0.0,0.0,0.0
229,1_Uyq66PLCvvY_97.jpg,0.0,0.0,1.0,0.0,0.0,0.0
230,1_Uyq66PLCvvY_98.jpg,0.0,0.0,1.0,0.0,0.0,0.0
231,1_Uyq66PLCvvY_99.jpg,1.0,0.0,1.0,0.0,0.0,0.0
0,1_Uyq66PLCvvY_100.jpg,1.0,0.0,1.0,0.0,0.0,0.0
1,1_Uyq66PLCvvY_101.jpg,0.0,0.0,0.0,0.0,0.0,0.0
2,1_Uyq66PLCvvY_102.jpg,1.0,0.0,0.0,0.0,0.0,0.0
3,1_Uyq66PLCvvY_103.jpg,0.0,0.0,1.0,1.0,0.0,0.0
4,1_Uyq66PLCvvY_104.jpg,0.0,0.0,0.0,1.0,0.0,0.0
5,1_Uyq66PLCvvY_105.jpg,0.0,0.0,1.0,1.0,0.0,0.0
6,1_Uyq66PLCvvY_106.jpg,0.0,0.0,1.0,1.0,0.0,0.0
7,1_Uyq66PLCvvY_107.jpg,0.0,0.0,1.0,1.0,0.0,0.0
8,1_Uyq66PLCvvY_108.jpg,0.0,0.0,1.0,1.0,0.0,0.0
9,1_Uyq66PLCvvY_109.jpg,0.0,0.0,1.0,1.0,0.0,0.0
10,1_Uyq66PLCvvY_110.jpg,0.0,0.0,1.0,0.0,0.0,0.0
11,1_Uyq66PLCvvY_111.jpg,1.0,0.0,0.0,0.0,0.0,0.0
12,1_Uyq66PLCvvY_112.jpg,1.0,0.0,0.0,0.0,0.0,0.0
13,1_Uyq66PLCvvY_113.jpg,0.0,0.0,1.0,1.0,0.0,0.0
14,1_Uyq66PLCvvY_114.jpg,0.0,0.0,1.0,1.0,0.0,0.0
15,1_Uyq66PLCvvY_115.jpg,1.0,0.0,0.0,0.0,0.0,0.0
16,1_Uyq66PLCvvY_116.jpg,1.0,0.0,0.0,0.0,0.0,0.0
17,1_Uyq66PLCvvY_117.jpg,1.0,0.0,0.0,0.0,0.0,0.0
18,1_Uyq66PLCvvY_118.jpg,0.0,0.0,1.0,0.0,0.0,0.0
19,1_Uyq66PLCvvY_119.jpg,0.0,0.0,1.0,1.0,0.0,0.0
20,1_Uyq66PLCvvY_120.jpg,0.0,0.0,1.0,0.0,0.0,0.0
21,1_Uyq66PLCvvY_121.jpg,0.0,0.0,1.0,0.0,0.0,0.0
22,1_Uyq66PLCvvY_122.jpg,0.0,0.0,1.0,0.0,0.0,0.0
23,1_Uyq66PLCvvY_123.jpg,0.0,0.0,1.0,0.0,0.0,0.0
24,1_Uyq66PLCvvY_124.jpg,0.0,0.0,1.0,0.0,0.0,0.0
25,1_Uyq66PLCvvY_125.jpg,0.0,0.0,1.0,0.0,0.0,0.0
26,1_Uyq66PLCvvY_126.jpg,0.0,0.0,1.0,1.0,0.0,0.0
27,1_Uyq66PLCvvY_127.jpg,1.0,0.0,0.0,0.0,0.0,0.0
28,1_Uyq66PLCvvY_128.jpg,0.0,0.0,1.0,1.0,0.0,0.0
29,1_Uyq66PLCvvY_129.jpg,0.0,0.0,1.0,1.0,0.0,0.0
30,1_Uyq66PLCvvY_130.jpg,0.0,0.0,1.0,1.0,0.0,0.0
31,1_Uyq66PLCvvY_131.jpg,0.0,0.0,1.0,0.0,0.0,0.0
32,1_Uyq66PLCvvY_132.jpg,1.0,0.0,0.0,0.0,0.0,0.0
33,1_Uyq66PLCvvY_133.jpg,1.0,0.0,0.0,0.0,0.0,0.0
34,1_Uyq66PLCvvY_134.jpg,1.0,0.0,0.0,0.0,0.0,0.0
35,1_Uyq66PLCvvY_135.jpg,0.0,0.0,1.0,0.0,0.0,0.0
36,1_Uyq66PLCvvY_136.jpg,0.0,0.0,1.0,0.0,0.0,0.0
37,1_Uyq66PLCvvY_137.jpg,1.0,0.0,0.0,0.0,0.0,0.0
38,1_Uyq66PLCvvY_138.jpg,0.0,0.0,0.0,1.0,0.0,0.0
39,1_Uyq66PLCvvY_139.jpg,0.0,0.0,0.0,1.0,0.0,0.0
40,1_Uyq66PLCvvY_140.jpg,1.0,0.0,1.0,0.0,0.0,0.0
41,1_Uyq66PLCvvY_141.jpg,0.0,0.0,0.0,1.0,0.0,0.0
42,1_Uyq66PLCvvY_142.jpg,1.0,0.0,1.0,0.0,0.0,0.0
43,1_Uyq66PLCvvY_143.jpg,1.0,0.0,1.0,0.0,0.0,0.0
44,1_Uyq66PLCvvY_144.jpg,1.0,0.0,1.0,0.0,0.0,0.0
45,1_Uyq66PLCvvY_145.jpg,0.0,0.0,0.0,1.0,0.0,0.0
46,1_Uyq66PLCvvY_146.jpg,0.0,0.0,0.0,1.0,0.0,0.0
47,1_Uyq66PLCvvY_147.jpg,0.0,0.0,0.0,1.0,0.0,0.0
48,1_Uyq66PLCvvY_148.jpg,1.0,0.0,1.0,0.0,0.0,0.0
49,1_Uyq66PLCvvY_149.jpg,1.0,0.0,1.0,0.0,0.0,0.0
50,1_Uyq66PLCvvY_150.jpg,0.0,0.0,0.0,1.0,0.0,0.0
51,1_Uyq66PLCvvY_151.jpg,0.0,0.0,0.0,1.0,0.0,0.0
52,1_Uyq66PLCvvY_152.jpg,1.0,0.0,1.0,0.0,0.0,0.0
53,1_Uyq66PLCvvY_153.jpg,0.0,0.0,1.0,1.0,0.0,0.0
54,1_Uyq66PLCvvY_154.jpg,1.0,0.0,1.0,1.0,0.0,0.0
55,1_Uyq66PLCvvY_155.jpg,1.0,0.0,1.0,1.0,0.0,0.0
56,1_Uyq66PLCvvY_156.jpg,1.0,0.0,1.0,1.0,0.0,0.0
57,1_Uyq66PLCvvY_157.jpg,1.0,0.0,1.0,1.0,0.0,0.0
58,1_Uyq66PLCvvY_158.jpg,1.0,0.0,1.0,1.0,0.0,0.0
59,1_Uyq66PLCvvY_159.jpg,1.0,0.0,0.0,0.0,0.0,0.0
60,1_Uyq66PLCvvY_160.jpg,1.0,0.0,1.0,0.0,0.0,0.0
61,1_Uyq66PLCvvY_161.jpg,0.0,0.0,1.0,0.0,0.0,0.0
62,1_Uyq66PLCvvY_162.jpg,1.0,0.0,1.0,0.0,0.0,0.0
63,1_Uyq66PLCvvY_163.jpg,1.0,0.0,0.0,0.0,0.0,0.0
64,1_Uyq66PLCvvY_164.jpg,1.0,0.0,1.0,0.0,0.0,0.0
65,1_Uyq66PLCvvY_165.jpg,1.0,0.0,1.0,0.0,0.0,0.0
66,1_Uyq66PLCvvY_166.jpg,1.0,0.0,1.0,0.0,0.0,0.0
67,1_Uyq66PLCvvY_167.jpg,1.0,0.0,1.0,0.0,0.0,0.0
68,1_Uyq66PLCvvY_168.jpg,1.0,0.0,1.0,0.0,0.0,0.0
69,1_Uyq66PLCvvY_169.jpg,1.0,0.0,1.0,0.0,0.0,0.0
70,1_Uyq66PLCvvY_170.jpg,1.0,0.0,1.0,0.0,0.0,0.0
71,1_Uyq66PLCvvY_171.jpg,0.0,0.0,1.0,0.0,0.0,0.0
72,1_Uyq66PLCvvY_172.jpg,0.0,0.0,1.0,0.0,0.0,0.0
73,1_Uyq66PLCvvY_173.jpg,0.0,0.0,1.0,0.0,0.0,0.0
74,1_Uyq66PLCvvY_174.jpg,0.0,0.0,1.0,0.0,0.0,0.0
75,1_Uyq66PLCvvY_175.jpg,1.0,0.0,1.0,0.0,0.0,0.0
76,1_Uyq66PLCvvY_176.jpg,1.0,0.0,1.0,0.0,0.0,0.0
77,1_Uyq66PLCvvY_177.jpg,1.0,0.0,1.0,0.0,0.0,0.0
78,1_Uyq66PLCvvY_178.jpg,0.0,0.0,1.0,0.0,0.0,0.0
79,1_Uyq66PLCvvY_179.jpg,1.0,0.0,1.0,0.0,0.0,0.0
80,1_Uyq66PLCvvY_180.jpg,1.0,0.0,1.0,0.0,0.0,0.0
81,1_Uyq66PLCvvY_181.jpg,1.0,0.0,1.0,0.0,0.0,0.0
82,1_Uyq66PLCvvY_182.jpg,1.0,0.0,1.0,0.0,0.0,0.0
83,1_Uyq66PLCvvY_183.jpg,1.0,0.0,1.0,0.0,0.0,0.0
84,1_Uyq66PLCvvY_184.jpg,1.0,0.0,1.0,0.0,0.0,0.0
85,1_Uyq66PLCvvY_185.jpg,1.0,0.0,1.0,0.0,0.0,0.0
86,1_Uyq66PLCvvY_186.jpg,1.0,0.0,1.0,0.0,0.0,0.0
87,1_Uyq66PLCvvY_187.jpg,1.0,0.0,1.0,0.0,0.0,0.0
88,1_Uyq66PLCvvY_188.jpg,1.0,0.0,1.0,0.0,0.0,0.0
89,1_Uyq66PLCvvY_189.jpg,1.0,0.0,1.0,0.0,0.0,0.0
90,1_Uyq66PLCvvY_190.jpg,0.0,0.0,1.0,1.0,0.0,0.0
91,1_Uyq66PLCvvY_191.jpg,1.0,0.0,1.0,1.0,0.0,0.0
92,1_Uyq66PLCvvY_192.jpg,1.0,0.0,1.0,1.0,0.0,0.0
93,1_Uyq66PLCvvY_193.jpg,1.0,0.0,1.0,0.0,0.0,0.0
94,1_Uyq66PLCvvY_194.jpg,1.0,0.0,1.0,0.0,0.0,0.0
95,1_Uyq66PLCvvY_195.jpg,1.0,0.0,1.0,0.0,0.0,0.0
96,1_Uyq66PLCvvY_196.jpg,1.0,0.0,1.0,0.0,0.0,0.0
97,1_Uyq66PLCvvY_197.jpg,1.0,0.0,1.0,0.0,0.0,0.0
98,1_Uyq66PLCvvY_198.jpg,1.0,0.0,1.0,0.0,0.0,0.0
99,1_Uyq66PLCvvY_199.jpg,0.0,0.0,1.0,1.0,0.0,0.0
100,1_Uyq66PLCvvY_200.jpg,0.0,0.0,1.0,1.0,0.0,0.0
101,1_Uyq66PLCvvY_201.jpg,1.0,0.0,1.0,1.0,0.0,0.0
102,1_Uyq66PLCvvY_202.jpg,1.0,0.0,1.0,1.0,0.0,0.0
103,1_Uyq66PLCvvY_203.jpg,1.0,0.0,1.0,1.0,0.0,0.0
104,1_Uyq66PLCvvY_204.jpg,0.0,0.0,1.0,1.0,0.0,0.0
105,1_Uyq66PLCvvY_205.jpg,0.0,0.0,1.0,1.0,0.0,0.0
106,1_Uyq66PLCvvY_206.jpg,1.0,0.0,1.0,1.0,0.0,0.0
107,1_Uyq66PLCvvY_207.jpg,1.0,0.0,1.0,1.0,0.0,0.0
108,1_Uyq66PLCvvY_208.jpg,1.0,0.0,1.0,1.0,0.0,0.0
109,1_Uyq66PLCvvY_209.jpg,1.0,0.0,1.0,0.0,0.0,0.0
110,1_Uyq66PLCvvY_210.jpg,1.0,0.0,1.0,0.0,0.0,0.0
111,1_Uyq66PLCvvY_211.jpg,1.0,0.0,1.0,0.0,0.0,0.0
112,1_Uyq66PLCvvY_212.jpg,1.0,0.0,1.0,0.0,0.0,0.0
113,1_Uyq66PLCvvY_213.jpg,1.0,0.0,1.0,0.0,0.0,0.0
114,1_Uyq66PLCvvY_214.jpg,1.0,0.0,1.0,0.0,0.0,0.0
115,1_Uyq66PLCvvY_215.jpg,1.0,0.0,1.0,0.0,0.0,0.0
116,1_Uyq66PLCvvY_216.jpg,1.0,0.0,1.0,0.0,0.0,0.0
117,1_Uyq66PLCvvY_217.jpg,1.0,0.0,1.0,0.0,0.0,0.0
118,1_Uyq66PLCvvY_218.jpg,1.0,0.0,1.0,0.0,0.0,0.0
119,1_Uyq66PLCvvY_219.jpg,1.0,0.0,1.0,0.0,0.0,0.0
120,1_Uyq66PLCvvY_220.jpg,1.0,0.0,1.0,0.0,0.0,0.0
121,1_Uyq66PLCvvY_221.jpg,1.0,0.0,1.0,0.0,0.0,0.0
122,1_Uyq66PLCvvY_222.jpg,1.0,0.0,1.0,0.0,0.0,0.0
123,1_Uyq66PLCvvY_223.jpg,1.0,0.0,1.0,0.0,0.0,0.0
124,1_Uyq66PLCvvY_224.jpg,1.0,0.0,1.0,0.0,0.0,0.0
125,1_Uyq66PLCvvY_225.jpg,0.0,0.0,1.0,0.0,0.0,0.0
126,1_Uyq66PLCvvY_226.jpg,1.0,0.0,1.0,0.0,0.0,0.0
127,1_Uyq66PLCvvY_227.jpg,0.0,0.0,1.0,1.0,0.0,0.0
128,1_Uyq66PLCvvY_228.jpg,0.0,0.0,1.0,1.0,0.0,0.0
129,1_Uyq66PLCvvY_229.jpg,0.0,0.0,1.0,1.0,0.0,0.0
130,1_Uyq66PLCvvY_230.jpg,1.0,0.0,0.0,1.0,0.0,0.0
131,1_Uyq66PLCvvY_231.jpg,1.0,0.0,0.0,1.0,0.0,0.0
132,1_Uyq66PLCvvY_232.jpg,1.0,0.0,0.0,1.0,0.0,0.0
133,1_Uyq66PLCvvY_233.jpg,1.0,0.0,0.0,1.0,0.0,0.0
134,1_Uyq66PLCvvY_234.jpg,0.0,0.0,1.0,1.0,0.0,0.0
135,1_Uyq66PLCvvY_235.jpg,0.0,0.0,1.0,1.0,0.0,0.0
136,1_Uyq66PLCvvY_236.jpg,1.0,0.0,0.0,1.0,0.0,0.0
137,1_Uyq66PLCvvY_237.jpg,1.0,0.0,0.0,1.0,0.0,0.0
138,1_Uyq66PLCvvY_238.jpg,1.0,0.0,1.0,1.0,0.0,0.0
139,1_Uyq66PLCvvY_239.jpg,1.0,0.0,1.0,1.0,0.0,0.0
140,1_Uyq66PLCvvY_240.jpg,1.0,0.0,1.0,1.0,0.0,0.0
141,1_Uyq66PLCvvY_241.jpg,0.0,0.0,1.0,1.0,0.0,0.0
142,1_Uyq66PLCvvY_242.jpg,1.0,0.0,1.0,1.0,0.0,0.0
143,1_Uyq66PLCvvY_243.jpg,1.0,0.0,1.0,1.0,0.0,0.0
144,1_Uyq66PLCvvY_244.jpg,1.0,0.0,1.0,1.0,0.0,0.0
145,1_Uyq66PLCvvY_245.jpg,1.0,0.0,1.0,1.0,0.0,0.0
146,1_Uyq66PLCvvY_246.jpg,1.0,0.0,1.0,1.0,0.0,0.0
147,1_Uyq66PLCvvY_247.jpg,1.0,0.0,1.0,1.0,0.0,0.0
148,1_Uyq66PLCvvY_248.jpg,1.0,0.0,1.0,1.0,0.0,0.0
149,1_Uyq66PLCvvY_249.jpg,0.0,0.0,1.0,1.0,0.0,0.0
150,1_Uyq66PLCvvY_250.jpg,0.0,0.0,1.0,1.0,0.0,0.0
151,1_Uyq66PLCvvY_251.jpg,1.0,0.0,0.0,1.0,0.0,0.0
152,1_Uyq66PLCvvY_252.jpg,1.0,0.0,0.0,0.0,0.0,0.0
153,1_Uyq66PLCvvY_253.jpg,1.0,0.0,0.0,0.0,0.0,0.0
154,1_Uyq66PLCvvY_254.jpg,0.0,0.0,1.0,0.0,0.0,0.0
155,1_Uyq66PLCvvY_255.jpg,0.0,0.0,1.0,0.0,0.0,0.0
156,1_Uyq66PLCvvY_256.jpg,0.0,0.0,1.0,0.0,0.0,0.0
157,1_Uyq66PLCvvY_257.jpg,0.0,0.0,1.0,0.0,0.0,0.0
158,1_Uyq66PLCvvY_258.jpg,0.0,0.0,1.0,1.0,0.0,0.0
159,1_Uyq66PLCvvY_259.jpg,1.0,0.0,0.0,0.0,0.0,0.0
160,1_Uyq66PLCvvY_260.jpg,1.0,0.0,0.0,0.0,0.0,0.0
161,1_Uyq66PLCvvY_261.jpg,1.0,0.0,0.0,0.0,0.0,0.0
162,1_Uyq66PLCvvY_262.jpg,0.0,1.0,1.0,1.0,0.0,0.0
163,1_Uyq66PLCvvY_263.jpg,0.0,1.0,1.0,1.0,0.0,0.0
164,1_Uyq66PLCvvY_264.jpg,0.0,1.0,0.0,1.0,0.0,0.0
165,1_Uyq66PLCvvY_265.jpg,0.0,0.0,0.0,1.0,0.0,0.0
166,1_Uyq66PLCvvY_266.jpg,0.0,0.0,1.0,1.0,0.0,0.0
167,1_Uyq66PLCvvY_267.jpg,0.0,0.0,1.0,1.0,0.0,0.0
168,1_Uyq66PLCvvY_268.jpg,0.0,0.0,1.0,1.0,0.0,0.0
169,1_Uyq66PLCvvY_269.jpg,1.0,0.0,1.0,0.0,0.0,0.0
170,1_Uyq66PLCvvY_270.jpg,1.0,0.0,0.0,0.0,0.0,0.0
171,1_Uyq66PLCvvY_271.jpg,1.0,0.0,0.0,0.0,0.0,0.0
172,1_Uyq66PLCvvY_272.jpg,1.0,0.0,0.0,0.0,0.0,0.0
173,1_Uyq66PLCvvY_273.jpg,0.0,1.0,0.0,1.0,0.0,0.0
174,1_Uyq66PLCvvY_274.jpg,0.0,1.0,0.0,1.0,0.0,0.0
175,1_Uyq66PLCvvY_275.jpg,0.0,1.0,0.0,1.0,0.0,0.0
176,1_Uyq66PLCvvY_276.jpg,0.0,0.0,0.0,0.0,0.0,0.0
177,1_Uyq66PLCvvY_277.jpg,0.0,0.0,0.0,0.0,0.0,0.0
178,1_Uyq66PLCvvY_278.jpg,0.0,0.0,0.0,0.0,0.0,0.0
179,1_Uyq66PLCvvY_279.jpg,0.0,0.0,0.0,0.0,0.0,0.0
180,1_Uyq66PLCvvY_280.jpg,0.0,0.0,0.0,0.0,0.0,0.0
181,1_Uyq66PLCvvY_281.jpg,0.0,0.0,0.0,0.0,0.0,0.0
182,1_Uyq66PLCvvY_282.jpg,0.0,0.0,0.0,0.0,0.0,0.0
183,1_Uyq66PLCvvY_283.jpg,0.0,0.0,0.0,0.0,0.0,0.0
184,1_Uyq66PLCvvY_284.jpg,0.0,0.0,0.0,0.0,0.0,0.0
185,1_Uyq66PLCvvY_285.jpg,0.0,0.0,0.0,0.0,0.0,0.0
186,1_Uyq66PLCvvY_286.jpg,0.0,0.0,0.0,0.0,0.0,0.0
187,1_Uyq66PLCvvY_287.jpg,0.0,0.0,0.0,0.0,0.0,0.0
188,1_Uyq66PLCvvY_288.jpg,0.0,0.0,0.0,0.0,0.0,0.0
232,2_nzDJdZLPeGE_0.jpg,0.0,0.0,0.0,0.0,0.0,0.0
233,2_nzDJdZLPeGE_1.jpg,0.0,0.0,0.0,0.0,0.0,0.0
245,2_nzDJdZLPeGE_2.jpg,0.0,0.0,0.0,0.0,0.0,0.0
256,2_nzDJdZLPeGE_3.jpg,0.0,0.0,0.0,0.0,0.0,0.0
267,2_nzDJdZLPeGE_4.jpg,0.0,0.0,0.0,0.0,0.0,0.0
278,2_nzDJdZLPeGE_5.jpg,0.0,0.0,0.0,0.0,0.0,0.0
289,2_nzDJdZLPeGE_6.jpg,0.0,0.0,0.0,0.0,0.0,0.0
300,2_nzDJdZLPeGE_7.jpg,0.0,0.0,0.0,0.0,1.0,0.0
311,2_nzDJdZLPeGE_8.jpg,0.0,0.0,0.0,0.0,1.0,0.0
322,2_nzDJdZLPeGE_9.jpg,0.0,0.0,0.0,0.0,1.0,0.0
234,2_nzDJdZLPeGE_10.jpg,0.0,0.0,0.0,0.0,1.0,0.0
236,2_nzDJdZLPeGE_11.jpg,0.0,0.0,0.0,0.0,1.0,0.0
237,2_nzDJdZLPeGE_12.jpg,0.0,0.0,0.0,0.0,1.0,0.0
238,2_nzDJdZLPeGE_13.jpg,0.0,0.0,0.0,0.0,1.0,0.0
239,2_nzDJdZLPeGE_14.jpg,0.0,0.0,0.0,0.0,0.0,0.0
240,2_nzDJdZLPeGE_15.jpg,0.0,0.0,0.0,0.0,0.0,0.0
241,2_nzDJdZLPeGE_16.jpg,0.0,0.0,0.0,0.0,0.0,0.0
242,2_nzDJdZLPeGE_17.jpg,0.0,0.0,0.0,0.0,0.0,0.0
243,2_nzDJdZLPeGE_18.jpg,0.0,0.0,0.0,0.0,0.0,0.0
244,2_nzDJdZLPeGE_19.jpg,0.0,0.0,0.0,0.0,1.0,0.0
246,2_nzDJdZLPeGE_20.jpg,0.0,0.0,0.0,0.0,1.0,0.0
247,2_nzDJdZLPeGE_21.jpg,0.0,0.0,0.0,0.0,0.0,0.0
248,2_nzDJdZLPeGE_22.jpg,0.0,0.0,0.0,0.0,1.0,0.0
249,2_nzDJdZLPeGE_23.jpg,0.0,0.0,0.0,0.0,1.0,0.0
250,2_nzDJdZLPeGE_24.jpg,0.0,0.0,0.0,0.0,1.0,0.0
251,2_nzDJdZLPeGE_25.jpg,0.0,0.0,0.0,0.0,1.0,0.0
252,2_nzDJdZLPeGE_26.jpg,0.0,0.0,0.0,0.0,1.0,0.0
253,2_nzDJdZLPeGE_27.jpg,0.0,0.0,0.0,0.0,1.0,0.0
254,2_nzDJdZLPeGE_28.jpg,0.0,0.0,0.0,0.0,1.0,0.0
255,2_nzDJdZLPeGE_29.jpg,0.0,0.0,0.0,0.0,0.0,0.0
257,2_nzDJdZLPeGE_30.jpg,0.0,0.0,0.0,0.0,0.0,0.0
258,2_nzDJdZLPeGE_31.jpg,0.0,0.0,0.0,0.0,0.0,0.0
259,2_nzDJdZLPeGE_32.jpg,0.0,0.0,0.0,0.0,0.0,0.0
260,2_nzDJdZLPeGE_33.jpg,0.0,0.0,0.0,0.0,0.0,0.0
261,2_nzDJdZLPeGE_34.jpg,0.0,0.0,0.0,0.0,0.0,0.0
262,2_nzDJdZLPeGE_35.jpg,0.0,0.0,0.0,0.0,0.0,0.0
263,2_nzDJdZLPeGE_36.jpg,0.0,0.0,0.0,0.0,0.0,0.0
264,2_nzDJdZLPeGE_37.jpg,0.0,0.0,0.0,0.0,0.0,0.0
265,2_nzDJdZLPeGE_38.jpg,0.0,0.0,0.0,0.0,0.0,0.0
266,2_nzDJdZLPeGE_39.jpg,0.0,0.0,0.0,0.0,0.0,0.0
268,2_nzDJdZLPeGE_40.jpg,0.0,0.0,0.0,0.0,0.0,0.0
269,2_nzDJdZLPeGE_41.jpg,0.0,0.0,0.0,0.0,0.0,0.0
270,2_nzDJdZLPeGE_42.jpg,0.0,0.0,0.0,0.0,0.0,0.0
271,2_nzDJdZLPeGE_43.jpg,0.0,0.0,0.0,0.0,1.0,0.0
272,2_nzDJdZLPeGE_44.jpg,0.0,0.0,0.0,0.0,1.0,0.0
273,2_nzDJdZLPeGE_45.jpg,0.0,0.0,0.0,0.0,1.0,0.0
274,2_nzDJdZLPeGE_46.jpg,0.0,0.0,0.0,0.0,0.0,0.0
275,2_nzDJdZLPeGE_47.jpg,0.0,0.0,0.0,0.0,0.0,0.0
276,2_nzDJdZLPeGE_48.jpg,0.0,0.0,0.0,0.0,1.0,0.0
277,2_nzDJdZLPeGE_49.jpg,0.0,0.0,0.0,0.0,1.0,0.0
279,2_nzDJdZLPeGE_50.jpg,0.0,0.0,0.0,0.0,1.0,0.0
280,2_nzDJdZLPeGE_51.jpg,0.0,0.0,0.0,0.0,1.0,0.0
281,2_nzDJdZLPeGE_52.jpg,0.0,0.0,0.0,0.0,1.0,0.0
282,2_nzDJdZLPeGE_53.jpg,0.0,0.0,0.0,0.0,1.0,0.0
283,2_nzDJdZLPeGE_54.jpg,0.0,0.0,0.0,0.0,1.0,0.0
284,2_nzDJdZLPeGE_55.jpg,0.0,0.0,0.0,0.0,1.0,0.0
285,2_nzDJdZLPeGE_56.jpg,0.0,0.0,0.0,0.0,1.0,0.0
286,2_nzDJdZLPeGE_57.jpg,0.0,0.0,0.0,0.0,0.0,0.0
287,2_nzDJdZLPeGE_58.jpg,0.0,0.0,0.0,0.0,0.0,0.0
288,2_nzDJdZLPeGE_59.jpg,0.0,0.0,0.0,0.0,1.0,0.0
290,2_nzDJdZLPeGE_60.jpg,0.0,0.0,0.0,0.0,1.0,0.0
291,2_nzDJdZLPeGE_61.jpg,0.0,0.0,0.0,0.0,1.0,0.0
292,2_nzDJdZLPeGE_62.jpg,0.0,0.0,0.0,0.0,1.0,0.0
293,2_nzDJdZLPeGE_63.jpg,0.0,0.0,0.0,0.0,1.0,0.0
294,2_nzDJdZLPeGE_64.jpg,0.0,0.0,0.0,0.0,1.0,0.0
295,2_nzDJdZLPeGE_65.jpg,0.0,0.0,0.0,0.0,1.0,0.0
296,2_nzDJdZLPeGE_66.jpg,0.0,0.0,0.0,0.0,1.0,0.0
297,2_nzDJdZLPeGE_67.jpg,0.0,0.0,0.0,0.0,1.0,0.0
298,2_nzDJdZLPeGE_68.jpg,0.0,0.0,0.0,0.0,1.0,0.0
299,2_nzDJdZLPeGE_69.jpg,0.0,0.0,0.0,0.0,1.0,0.0
301,2_nzDJdZLPeGE_70.jpg,0.0,0.0,0.0,0.0,1.0,0.0
302,2_nzDJdZLPeGE_71.jpg,0.0,0.0,0.0,0.0,1.0,0.0
303,2_nzDJdZLPeGE_72.jpg,0.0,0.0,0.0,0.0,1.0,0.0
304,2_nzDJdZLPeGE_73.jpg,0.0,0.0,0.0,0.0,1.0,0.0
305,2_nzDJdZLPeGE_74.jpg,0.0,0.0,0.0,0.0,1.0,0.0
306,2_nzDJdZLPeGE_75.jpg,1.0,0.0,1.0,0.0,0.0,0.0
307,2_nzDJdZLPeGE_76.jpg,1.0,0.0,1.0,0.0,0.0,0.0
308,2_nzDJdZLPeGE_77.jpg,1.0,0.0,1.0,0.0,0.0,0.0
309,2_nzDJdZLPeGE_78.jpg,1.0,0.0,1.0,0.0,0.0,0.0
310,2_nzDJdZLPeGE_79.jpg,1.0,0.0,1.0,0.0,0.0,0.0
312,2_nzDJdZLPeGE_80.jpg,0.0,0.0,0.0,0.0,1.0,0.0
313,2_nzDJdZLPeGE_81.jpg,0.0,0.0,0.0,0.0,1.0,0.0
314,2_nzDJdZLPeGE_82.jpg,0.0,0.0,0.0,0.0,1.0,0.0
315,2_nzDJdZLPeGE_83.jpg,1.0,0.0,0.0,0.0,0.0,0.0
316,2_nzDJdZLPeGE_84.jpg,1.0,0.0,0.0,0.0,0.0,0.0
317,2_nzDJdZLPeGE_85.jpg,1.0,0.0,1.0,0.0,0.0,0.0
318,2_nzDJdZLPeGE_86.jpg,0.0,0.0,0.0,0.0,0.0,0.0
319,2_nzDJdZLPeGE_87.jpg,0.0,0.0,0.0,0.0,0.0,0.0
320,2_nzDJdZLPeGE_88.jpg,0.0,0.0,0.0,0.0,1.0,0.0
321,2_nzDJdZLPeGE_89.jpg,0.0,0.0,0.0,0.0,1.0,0.0
323,2_nzDJdZLPeGE_90.jpg,0.0,0.0,0.0,0.0,1.0,0.0
324,2_nzDJdZLPeGE_91.jpg,0.0,0.0,0.0,0.0,1.0,0.0
325,2_nzDJdZLPeGE_92.jpg,0.0,0.0,0.0,0.0,1.0,0.0
326,2_nzDJdZLPeGE_93.jpg,0.0,0.0,0.0,0.0,1.0,0.0
327,2_nzDJdZLPeGE_94.jpg,0.0,0.0,0.0,0.0,0.0,0.0
328,2_nzDJdZLPeGE_95.jpg,0.0,0.0,0.0,0.0,0.0,0.0
329,2_nzDJdZLPeGE_96.jpg,0.0,0.0,0.0,0.0,0.0,0.0
330,2_nzDJdZLPeGE_97.jpg,0.0,0.0,0.0,0.0,1.0,0.0
331,2_nzDJdZLPeGE_98.jpg,0.0,0.0,0.0,0.0,1.0,0.0
332,2_nzDJdZLPeGE_99.jpg,0.0,0.0,0.0,0.0,1.0,0.0
235,2_nzDJdZLPeGE_100.jpg,0.0,0.0,0.0,0.0,0.0,0.0
0,2_nzDJdZLPeGE_101.jpg,0.0,0.0,0.0,0.0,1.0,0.0
1,2_nzDJdZLPeGE_102.jpg,0.0,0.0,0.0,0.0,0.0,0.0
2,2_nzDJdZLPeGE_103.jpg,0.0,0.0,0.0,0.0,0.0,0.0
3,2_nzDJdZLPeGE_104.jpg,0.0,0.0,0.0,0.0,0.0,0.0
4,2_nzDJdZLPeGE_105.jpg,0.0,0.0,0.0,0.0,1.0,0.0
5,2_nzDJdZLPeGE_106.jpg,0.0,0.0,0.0,0.0,1.0,0.0
6,2_nzDJdZLPeGE_107.jpg,0.0,0.0,0.0,0.0,1.0,0.0
7,2_nzDJdZLPeGE_108.jpg,0.0,0.0,0.0,0.0,1.0,0.0
8,2_nzDJdZLPeGE_109.jpg,0.0,0.0,0.0,0.0,1.0,0.0
9,2_nzDJdZLPeGE_110.jpg,0.0,0.0,0.0,0.0,0.0,0.0
10,2_nzDJdZLPeGE_111.jpg,0.0,0.0,0.0,0.0,0.0,0.0
11,2_nzDJdZLPeGE_112.jpg,0.0,0.0,0.0,0.0,0.0,0.0
12,2_nzDJdZLPeGE_113.jpg,0.0,0.0,0.0,0.0,0.0,0.0
13,2_nzDJdZLPeGE_114.jpg,0.0,0.0,0.0,0.0,0.0,0.0
14,2_nzDJdZLPeGE_115.jpg,0.0,0.0,0.0,0.0,1.0,0.0
15,2_nzDJdZLPeGE_116.jpg,0.0,0.0,0.0,0.0,0.0,0.0
16,2_nzDJdZLPeGE_117.jpg,0.0,0.0,0.0,0.0,1.0,0.0
17,2_nzDJdZLPeGE_118.jpg,0.0,0.0,0.0,0.0,1.0,0.0
18,2_nzDJdZLPeGE_119.jpg,0.0,0.0,0.0,0.0,1.0,0.0
19,2_nzDJdZLPeGE_120.jpg,0.0,0.0,0.0,0.0,1.0,0.0
20,2_nzDJdZLPeGE_121.jpg,0.0,0.0,0.0,0.0,1.0,0.0
21,2_nzDJdZLPeGE_122.jpg,0.0,0.0,0.0,0.0,0.0,0.0
22,2_nzDJdZLPeGE_123.jpg,0.0,0.0,0.0,0.0,0.0,0.0
23,2_nzDJdZLPeGE_124.jpg,0.0,0.0,0.0,0.0,1.0,0.0
24,2_nzDJdZLPeGE_125.jpg,0.0,0.0,0.0,0.0,1.0,0.0
25,2_nzDJdZLPeGE_126.jpg,0.0,0.0,0.0,0.0,1.0,0.0
26,2_nzDJdZLPeGE_127.jpg,0.0,0.0,0.0,0.0,1.0,0.0
27,2_nzDJdZLPeGE_128.jpg,0.0,0.0,0.0,0.0,1.0,0.0
28,2_nzDJdZLPeGE_129.jpg,0.0,0.0,0.0,0.0,1.0,0.0
29,2_nzDJdZLPeGE_130.jpg,0.0,0.0,0.0,0.0,1.0,0.0
30,2_nzDJdZLPeGE_131.jpg,0.0,0.0,0.0,0.0,1.0,0.0
31,2_nzDJdZLPeGE_132.jpg,0.0,0.0,0.0,0.0,0.0,0.0
32,2_nzDJdZLPeGE_133.jpg,0.0,0.0,0.0,0.0,0.0,0.0
33,2_nzDJdZLPeGE_134.jpg,0.0,0.0,0.0,0.0,1.0,0.0
34,2_nzDJdZLPeGE_135.jpg,0.0,0.0,0.0,0.0,1.0,0.0
35,2_nzDJdZLPeGE_136.jpg,0.0,0.0,0.0,0.0,1.0,0.0
36,2_nzDJdZLPeGE_137.jpg,0.0,0.0,0.0,0.0,1.0,0.0
37,2_nzDJdZLPeGE_138.jpg,0.0,0.0,0.0,0.0,1.0,0.0
38,2_nzDJdZLPeGE_139.jpg,0.0,0.0,0.0,0.0,1.0,0.0
39,2_nzDJdZLPeGE_140.jpg,0.0,0.0,0.0,0.0,0.0,0.0
40,2_nzDJdZLPeGE_141.jpg,0.0,0.0,0.0,0.0,0.0,0.0
41,2_nzDJdZLPeGE_142.jpg,0.0,0.0,0.0,0.0,1.0,0.0
42,2_nzDJdZLPeGE_143.jpg,0.0,0.0,0.0,0.0,1.0,0.0
43,2_nzDJdZLPeGE_144.jpg,0.0,0.0,0.0,0.0,1.0,0.0
44,2_nzDJdZLPeGE_145.jpg,0.0,0.0,0.0,0.0,1.0,0.0
45,2_nzDJdZLPeGE_146.jpg,0.0,0.0,0.0,0.0,1.0,0.0
46,2_nzDJdZLPeGE_147.jpg,0.0,0.0,0.0,0.0,0.0,0.0
47,2_nzDJdZLPeGE_148.jpg,0.0,0.0,0.0,0.0,1.0,0.0
48,2_nzDJdZLPeGE_149.jpg,0.0,0.0,0.0,0.0,0.0,0.0
49,2_nzDJdZLPeGE_150.jpg,0.0,0.0,0.0,0.0,1.0,0.0
50,2_nzDJdZLPeGE_151.jpg,0.0,0.0,0.0,0.0,1.0,0.0
51,2_nzDJdZLPeGE_152.jpg,1.0,0.0,1.0,0.0,1.0,0.0
52,2_nzDJdZLPeGE_153.jpg,0.0,0.0,0.0,0.0,0.0,0.0
53,2_nzDJdZLPeGE_154.jpg,0.0,0.0,0.0,0.0,0.0,0.0
54,2_nzDJdZLPeGE_155.jpg,1.0,0.0,1.0,0.0,1.0,0.0
55,2_nzDJdZLPeGE_156.jpg,0.0,0.0,0.0,0.0,1.0,0.0
56,2_nzDJdZLPeGE_157.jpg,0.0,0.0,0.0,0.0,1.0,0.0
57,2_nzDJdZLPeGE_158.jpg,0.0,0.0,0.0,0.0,1.0,0.0
58,2_nzDJdZLPeGE_159.jpg,0.0,0.0,1.0,0.0,0.0,0.0
59,2_nzDJdZLPeGE_160.jpg,0.0,0.0,1.0,0.0,0.0,0.0
60,2_nzDJdZLPeGE_161.jpg,0.0,0.0,0.0,0.0,1.0,0.0
61,2_nzDJdZLPeGE_162.jpg,0.0,0.0,0.0,0.0,1.0,0.0
62,2_nzDJdZLPeGE_163.jpg,0.0,0.0,0.0,0.0,1.0,0.0
63,2_nzDJdZLPeGE_164.jpg,0.0,0.0,1.0,0.0,0.0,0.0
64,2_nzDJdZLPeGE_165.jpg,0.0,0.0,1.0,0.0,0.0,0.0
65,2_nzDJdZLPeGE_166.jpg,0.0,0.0,0.0,0.0,1.0,0.0
66,2_nzDJdZLPeGE_167.jpg,0.0,0.0,0.0,0.0,1.0,0.0
67,2_nzDJdZLPeGE_168.jpg,0.0,0.0,0.0,0.0,1.0,0.0
68,2_nzDJdZLPeGE_169.jpg,0.0,0.0,0.0,0.0,1.0,0.0
69,2_nzDJdZLPeGE_170.jpg,0.0,0.0,0.0,0.0,1.0,0.0
70,2_nzDJdZLPeGE_171.jpg,1.0,0.0,1.0,0.0,0.0,0.0
71,2_nzDJdZLPeGE_172.jpg,1.0,0.0,1.0,0.0,0.0,0.0
72,2_nzDJdZLPeGE_173.jpg,1.0,0.0,1.0,0.0,0.0,0.0
73,2_nzDJdZLPeGE_174.jpg,1.0,0.0,1.0,0.0,0.0,0.0
74,2_nzDJdZLPeGE_175.jpg,1.0,0.0,1.0,0.0,0.0,0.0
75,2_nzDJdZLPeGE_176.jpg,0.0,0.0,0.0,0.0,1.0,0.0
76,2_nzDJdZLPeGE_177.jpg,0.0,0.0,0.0,0.0,1.0,0.0
77,2_nzDJdZLPeGE_178.jpg,1.0,0.0,1.0,0.0,0.0,0.0
78,2_nzDJdZLPeGE_179.jpg,1.0,0.0,1.0,0.0,0.0,0.0
79,2_nzDJdZLPeGE_180.jpg,1.0,0.0,1.0,0.0,0.0,0.0
80,2_nzDJdZLPeGE_181.jpg,1.0,0.0,1.0,0.0,0.0,0.0
81,2_nzDJdZLPeGE_182.jpg,0.0,0.0,0.0,0.0,1.0,0.0
82,2_nzDJdZLPeGE_183.jpg,0.0,0.0,0.0,0.0,1.0,0.0
83,2_nzDJdZLPeGE_184.jpg,0.0,0.0,0.0,0.0,1.0,0.0
84,2_nzDJdZLPeGE_185.jpg,0.0,0.0,0.0,0.0,1.0,0.0
85,2_nzDJdZLPeGE_186.jpg,1.0,0.0,1.0,0.0,0.0,0.0
86,2_nzDJdZLPeGE_187.jpg,1.0,0.0,1.0,0.0,0.0,0.0
87,2_nzDJdZLPeGE_188.jpg,1.0,0.0,1.0,0.0,0.0,0.0
88,2_nzDJdZLPeGE_189.jpg,1.0,0.0,1.0,0.0,1.0,0.0
89,2_nzDJdZLPeGE_190.jpg,1.0,0.0,1.0,0.0,0.0,0.0
90,2_nzDJdZLPeGE_191.jpg,1.0,0.0,1.0,0.0,0.0,0.0
91,2_nzDJdZLPeGE_192.jpg,0.0,0.0,0.0,0.0,1.0,0.0
92,2_nzDJdZLPeGE_193.jpg,0.0,0.0,0.0,0.0,1.0,0.0
93,2_nzDJdZLPeGE_194.jpg,0.0,0.0,0.0,0.0,1.0,0.0
94,2_nzDJdZLPeGE_195.jpg,0.0,0.0,0.0,0.0,1.0,0.0
95,2_nzDJdZLPeGE_196.jpg,0.0,0.0,0.0,0.0,1.0,0.0
96,2_nzDJdZLPeGE_197.jpg,0.0,0.0,0.0,0.0,1.0,0.0
97,2_nzDJdZLPeGE_198.jpg,0.0,0.0,0.0,0.0,1.0,0.0
98,2_nzDJdZLPeGE_199.jpg,0.0,0.0,0.0,0.0,1.0,0.0
99,2_nzDJdZLPeGE_200.jpg,0.0,0.0,0.0,0.0,1.0,0.0
100,2_nzDJdZLPeGE_201.jpg,0.0,0.0,0.0,0.0,1.0,0.0
101,2_nzDJdZLPeGE_202.jpg,1.0,0.0,1.0,0.0,0.0,0.0
102,2_nzDJdZLPeGE_203.jpg,1.0,0.0,1.0,0.0,0.0,0.0
103,2_nzDJdZLPeGE_204.jpg,1.0,0.0,1.0,0.0,0.0,0.0
104,2_nzDJdZLPeGE_205.jpg,1.0,0.0,1.0,0.0,0.0,0.0
105,2_nzDJdZLPeGE_206.jpg,1.0,0.0,1.0,0.0,0.0,0.0
106,2_nzDJdZLPeGE_207.jpg,1.0,0.0,1.0,0.0,0.0,0.0
107,2_nzDJdZLPeGE_208.jpg,1.0,0.0,1.0,0.0,0.0,0.0
108,2_nzDJdZLPeGE_209.jpg,1.0,0.0,1.0,0.0,0.0,0.0
109,2_nzDJdZLPeGE_210.jpg,1.0,0.0,1.0,0.0,0.0,0.0
110,2_nzDJdZLPeGE_211.jpg,1.0,0.0,1.0,0.0,0.0,0.0
111,2_nzDJdZLPeGE_212.jpg,1.0,0.0,1.0,0.0,0.0,0.0
112,2_nzDJdZLPeGE_213.jpg,0.0,0.0,0.0,0.0,0.0,0.0
113,2_nzDJdZLPeGE_214.jpg,0.0,0.0,0.0,0.0,1.0,0.0
114,2_nzDJdZLPeGE_215.jpg,1.0,0.0,0.0,0.0,1.0,0.0
115,2_nzDJdZLPeGE_216.jpg,1.0,0.0,0.0,0.0,0.0,0.0
116,2_nzDJdZLPeGE_217.jpg,0.0,0.0,0.0,0.0,1.0,0.0
117,2_nzDJdZLPeGE_218.jpg,0.0,0.0,0.0,0.0,0.0,0.0
118,2_nzDJdZLPeGE_219.jpg,0.0,0.0,0.0,0.0,1.0,0.0
119,2_nzDJdZLPeGE_220.jpg,0.0,0.0,0.0,0.0,1.0,0.0
120,2_nzDJdZLPeGE_221.jpg,0.0,0.0,0.0,0.0,1.0,0.0
121,2_nzDJdZLPeGE_222.jpg,0.0,0.0,0.0,0.0,1.0,0.0
122,2_nzDJdZLPeGE_223.jpg,0.0,0.0,0.0,0.0,1.0,0.0
123,2_nzDJdZLPeGE_224.jpg,0.0,0.0,0.0,0.0,1.0,0.0
124,2_nzDJdZLPeGE_225.jpg,0.0,0.0,0.0,0.0,1.0,0.0
125,2_nzDJdZLPeGE_226.jpg,0.0,0.0,0.0,0.0,0.0,0.0
126,2_nzDJdZLPeGE_227.jpg,0.0,0.0,0.0,0.0,1.0,0.0
127,2_nzDJdZLPeGE_228.jpg,0.0,0.0,0.0,0.0,0.0,0.0
128,2_nzDJdZLPeGE_229.jpg,0.0,0.0,0.0,0.0,0.0,0.0
129,2_nzDJdZLPeGE_230.jpg,0.0,0.0,0.0,0.0,1.0,0.0
130,2_nzDJdZLPeGE_231.jpg,0.0,0.0,0.0,0.0,1.0,0.0
131,2_nzDJdZLPeGE_232.jpg,0.0,0.0,0.0,0.0,1.0,0.0
132,2_nzDJdZLPeGE_233.jpg,0.0,0.0,0.0,0.0,1.0,0.0
133,2_nzDJdZLPeGE_234.jpg,0.0,0.0,0.0,0.0,1.0,0.0
134,2_nzDJdZLPeGE_235.jpg,0.0,0.0,0.0,0.0,0.0,0.0
135,2_nzDJdZLPeGE_236.jpg,0.0,0.0,0.0,0.0,0.0,0.0
136,2_nzDJdZLPeGE_237.jpg,0.0,0.0,0.0,0.0,0.0,0.0
137,2_nzDJdZLPeGE_238.jpg,0.0,0.0,0.0,0.0,0.0,0.0
138,2_nzDJdZLPeGE_239.jpg,0.0,0.0,0.0,0.0,1.0,0.0
139,2_nzDJdZLPeGE_240.jpg,0.0,0.0,0.0,0.0,1.0,0.0
140,2_nzDJdZLPeGE_241.jpg,0.0,0.0,0.0,0.0,0.0,0.0
141,2_nzDJdZLPeGE_242.jpg,0.0,0.0,0.0,0.0,0.0,0.0
142,2_nzDJdZLPeGE_243.jpg,0.0,0.0,0.0,0.0,0.0,0.0
143,2_nzDJdZLPeGE_244.jpg,0.0,0.0,0.0,0.0,0.0,0.0
144,2_nzDJdZLPeGE_245.jpg,0.0,0.0,0.0,0.0,0.0,0.0
145,2_nzDJdZLPeGE_246.jpg,0.0,0.0,0.0,0.0,1.0,0.0
146,2_nzDJdZLPeGE_247.jpg,0.0,0.0,0.0,0.0,1.0,0.0
147,2_nzDJdZLPeGE_248.jpg,0.0,0.0,0.0,0.0,0.0,0.0
148,2_nzDJdZLPeGE_249.jpg,0.0,0.0,0.0,0.0,1.0,0.0
149,2_nzDJdZLPeGE_250.jpg,0.0,0.0,0.0,0.0,0.0,0.0
150,2_nzDJdZLPeGE_251.jpg,0.0,0.0,0.0,0.0,0.0,0.0
151,2_nzDJdZLPeGE_252.jpg,0.0,0.0,0.0,0.0,1.0,0.0
152,2_nzDJdZLPeGE_253.jpg,0.0,0.0,0.0,0.0,0.0,0.0
153,2_nzDJdZLPeGE_254.jpg,0.0,0.0,0.0,0.0,0.0,0.0
154,2_nzDJdZLPeGE_255.jpg,0.0,0.0,0.0,0.0,0.0,0.0
155,2_nzDJdZLPeGE_256.jpg,0.0,0.0,0.0,0.0,0.0,0.0
156,2_nzDJdZLPeGE_257.jpg,0.0,0.0,0.0,0.0,0.0,0.0
157,2_nzDJdZLPeGE_258.jpg,0.0,0.0,0.0,0.0,0.0,0.0
158,2_nzDJdZLPeGE_259.jpg,0.0,0.0,0.0,0.0,0.0,0.0
159,2_nzDJdZLPeGE_260.jpg,0.0,0.0,0.0,0.0,0.0,0.0
160,2_nzDJdZLPeGE_261.jpg,0.0,0.0,0.0,0.0,0.0,0.0
161,2_nzDJdZLPeGE_262.jpg,0.0,0.0,0.0,0.0,0.0,0.0
162,2_nzDJdZLPeGE_263.jpg,0.0,0.0,0.0,0.0,0.0,0.0
163,2_nzDJdZLPeGE_264.jpg,0.0,0.0,0.0,0.0,0.0,0.0
164,2_nzDJdZLPeGE_265.jpg,0.0,0.0,0.0,0.0,0.0,0.0
165,2_nzDJdZLPeGE_266.jpg,0.0,0.0,0.0,0.0,1.0,0.0
166,2_nzDJdZLPeGE_267.jpg,0.0,0.0,0.0,0.0,0.0,0.0
167,2_nzDJdZLPeGE_268.jpg,0.0,0.0,0.0,0.0,0.0,0.0
168,2_nzDJdZLPeGE_269.jpg,0.0,0.0,0.0,0.0,1.0,0.0
169,2_nzDJdZLPeGE_270.jpg,0.0,0.0,0.0,0.0,0.0,0.0
170,2_nzDJdZLPeGE_271.jpg,0.0,0.0,0.0,0.0,0.0,0.0
171,2_nzDJdZLPeGE_272.jpg,0.0,0.0,0.0,0.0,0.0,0.0
172,2_nzDJdZLPeGE_273.jpg,0.0,0.0,0.0,0.0,1.0,0.0
173,2_nzDJdZLPeGE_274.jpg,0.0,0.0,0.0,0.0,0.0,0.0
174,2_nzDJdZLPeGE_275.jpg,0.0,0.0,0.0,0.0,0.0,0.0
175,2_nzDJdZLPeGE_276.jpg,0.0,0.0,0.0,0.0,0.0,0.0
176,2_nzDJdZLPeGE_277.jpg,0.0,0.0,0.0,0.0,1.0,0.0
177,2_nzDJdZLPeGE_278.jpg,0.0,0.0,0.0,0.0,1.0,0.0
178,2_nzDJdZLPeGE_279.jpg,0.0,0.0,0.0,0.0,0.0,0.0
179,3_eT_Gzi0HN4E_0.jpg,0.0,0.0,0.0,0.0,0.0,0.0
180,3_eT_Gzi0HN4E_1.jpg,0.0,0.0,0.0,0.0,0.0,0.0
245,3_eT_Gzi0HN4E_2.jpg,0.0,0.0,0.0,0.0,0.0,0.0
256,3_eT_Gzi0HN4E_3.jpg,0.0,0.0,1.0,0.0,0.0,0.0
267,3_eT_Gzi0HN4E_4.jpg,0.0,0.0,1.0,0.0,0.0,0.0
278,3_eT_Gzi0HN4E_5.jpg,0.0,0.0,1.0,0.0,0.0,0.0
289,3_eT_Gzi0HN4E_6.jpg,0.0,0.0,0.0,1.0,0.0,0.0
300,3_eT_Gzi0HN4E_7.jpg,0.0,0.0,0.0,1.0,0.0,0.0
311,3_eT_Gzi0HN4E_8.jpg,0.0,0.0,0.0,1.0,0.0,0.0
322,3_eT_Gzi0HN4E_9.jpg,0.0,0.0,0.0,0.0,0.0,0.0
181,3_eT_Gzi0HN4E_10.jpg,0.0,0.0,0.0,1.0,0.0,0.0
192,3_eT_Gzi0HN4E_11.jpg,0.0,0.0,0.0,1.0,0.0,0.0
203,3_eT_Gzi0HN4E_12.jpg,0.0,0.0,0.0,0.0,0.0,0.0
214,3_eT_Gzi0HN4E_13.jpg,0.0,0.0,0.0,0.0,0.0,0.0
225,3_eT_Gzi0HN4E_14.jpg,0.0,0.0,0.0,1.0,0.0,0.0
236,3_eT_Gzi0HN4E_15.jpg,0.0,0.0,0.0,1.0,0.0,0.0
241,3_eT_Gzi0HN4E_16.jpg,0.0,0.0,0.0,1.0,0.0,0.0
242,3_eT_Gzi0HN4E_17.jpg,0.0,0.0,0.0,0.0,0.0,0.0
243,3_eT_Gzi0HN4E_18.jpg,0.0,0.0,0.0,1.0,0.0,0.0
244,3_eT_Gzi0HN4E_19.jpg,0.0,0.0,0.0,1.0,0.0,0.0
246,3_eT_Gzi0HN4E_20.jpg,0.0,0.0,0.0,1.0,0.0,0.0
247,3_eT_Gzi0HN4E_21.jpg,0.0,0.0,1.0,0.0,0.0,0.0
248,3_eT_Gzi0HN4E_22.jpg,0.0,0.0,0.0,0.0,0.0,0.0
249,3_eT_Gzi0HN4E_23.jpg,0.0,0.0,0.0,1.0,0.0,0.0
250,3_eT_Gzi0HN4E_24.jpg,0.0,0.0,0.0,1.0,0.0,0.0
251,3_eT_Gzi0HN4E_25.jpg,0.0,0.0,0.0,1.0,0.0,0.0
252,3_eT_Gzi0HN4E_26.jpg,0.0,0.0,1.0,0.0,0.0,0.0
253,3_eT_Gzi0HN4E_27.jpg,0.0,0.0,1.0,0.0,0.0,0.0
254,3_eT_Gzi0HN4E_28.jpg,0.0,0.0,0.0,0.0,0.0,0.0
255,3_eT_Gzi0HN4E_29.jpg,0.0,0.0,0.0,0.0,0.0,0.0
257,3_eT_Gzi0HN4E_30.jpg,0.0,0.0,0.0,0.0,0.0,0.0
258,3_eT_Gzi0HN4E_31.jpg,0.0,0.0,1.0,1.0,0.0,0.0
259,3_eT_Gzi0HN4E_32.jpg,0.0,0.0,1.0,1.0,0.0,0.0
260,3_eT_Gzi0HN4E_33.jpg,0.0,0.0,0.0,0.0,0.0,0.0
261,3_eT_Gzi0HN4E_34.jpg,0.0,0.0,0.0,0.0,0.0,0.0
262,3_eT_Gzi0HN4E_35.jpg,0.0,0.0,0.0,0.0,0.0,0.0
263,3_eT_Gzi0HN4E_36.jpg,0.0,0.0,0.0,0.0,0.0,0.0
264,3_eT_Gzi0HN4E_37.jpg,0.0,0.0,1.0,0.0,0.0,0.0
265,3_eT_Gzi0HN4E_38.jpg,0.0,0.0,1.0,0.0,0.0,0.0
266,3_eT_Gzi0HN4E_39.jpg,0.0,0.0,1.0,0.0,0.0,0.0
268,3_eT_Gzi0HN4E_40.jpg,0.0,0.0,1.0,0.0,0.0,0.0
269,3_eT_Gzi0HN4E_41.jpg,0.0,0.0,1.0,0.0,0.0,0.0
270,3_eT_Gzi0HN4E_42.jpg,0.0,0.0,1.0,0.0,0.0,0.0
271,3_eT_Gzi0HN4E_43.jpg,0.0,0.0,1.0,0.0,0.0,0.0
272,3_eT_Gzi0HN4E_44.jpg,0.0,0.0,1.0,0.0,0.0,0.0
273,3_eT_Gzi0HN4E_45.jpg,0.0,0.0,0.0,0.0,0.0,0.0
274,3_eT_Gzi0HN4E_46.jpg,0.0,0.0,1.0,0.0,0.0,0.0
275,3_eT_Gzi0HN4E_47.jpg,0.0,0.0,1.0,0.0,0.0,0.0
276,3_eT_Gzi0HN4E_48.jpg,0.0,0.0,0.0,0.0,0.0,0.0
277,3_eT_Gzi0HN4E_49.jpg,0.0,0.0,0.0,0.0,0.0,0.0
279,3_eT_Gzi0HN4E_50.jpg,0.0,0.0,0.0,0.0,0.0,0.0
280,3_eT_Gzi0HN4E_51.jpg,0.0,0.0,0.0,0.0,0.0,0.0
281,3_eT_Gzi0HN4E_52.jpg,0.0,0.0,0.0,1.0,0.0,0.0
282,3_eT_Gzi0HN4E_53.jpg,0.0,0.0,0.0,1.0,0.0,0.0
283,3_eT_Gzi0HN4E_54.jpg,0.0,0.0,0.0,1.0,0.0,0.0
284,3_eT_Gzi0HN4E_55.jpg,0.0,0.0,1.0,0.0,0.0,0.0
285,3_eT_Gzi0HN4E_56.jpg,0.0,0.0,1.0,0.0,0.0,0.0
286,3_eT_Gzi0HN4E_57.jpg,0.0,0.0,0.0,0.0,0.0,0.0
287,3_eT_Gzi0HN4E_58.jpg,0.0,0.0,0.0,0.0,0.0,0.0
288,3_eT_Gzi0HN4E_59.jpg,0.0,0.0,0.0,0.0,0.0,0.0
290,3_eT_Gzi0HN4E_60.jpg,0.0,0.0,0.0,0.0,0.0,0.0
291,3_eT_Gzi0HN4E_61.jpg,0.0,0.0,0.0,0.0,0.0,0.0
292,3_eT_Gzi0HN4E_62.jpg,0.0,0.0,0.0,0.0,0.0,0.0
293,3_eT_Gzi0HN4E_63.jpg,0.0,0.0,0.0,1.0,0.0,0.0
294,3_eT_Gzi0HN4E_64.jpg,0.0,0.0,0.0,1.0,0.0,0.0
295,3_eT_Gzi0HN4E_65.jpg,0.0,0.0,0.0,1.0,0.0,0.0
296,3_eT_Gzi0HN4E_66.jpg,0.0,0.0,0.0,1.0,0.0,0.0
297,3_eT_Gzi0HN4E_67.jpg,0.0,0.0,0.0,1.0,0.0,0.0
298,3_eT_Gzi0HN4E_68.jpg,0.0,0.0,0.0,1.0,0.0,0.0
299,3_eT_Gzi0HN4E_69.jpg,0.0,0.0,0.0,1.0,0.0,0.0
301,3_eT_Gzi0HN4E_70.jpg,0.0,0.0,0.0,1.0,0.0,0.0
302,3_eT_Gzi0HN4E_71.jpg,0.0,0.0,0.0,0.0,0.0,0.0
303,3_eT_Gzi0HN4E_72.jpg,0.0,0.0,0.0,0.0,0.0,0.0
304,3_eT_Gzi0HN4E_73.jpg,0.0,0.0,0.0,0.0,0.0,0.0
305,3_eT_Gzi0HN4E_74.jpg,0.0,0.0,0.0,1.0,0.0,0.0
306,3_eT_Gzi0HN4E_75.jpg,0.0,0.0,0.0,1.0,0.0,0.0
307,3_eT_Gzi0HN4E_76.jpg,0.0,0.0,0.0,1.0,0.0,0.0
308,3_eT_Gzi0HN4E_77.jpg,0.0,0.0,0.0,0.0,0.0,0.0
309,3_eT_Gzi0HN4E_78.jpg,0.0,0.0,0.0,0.0,0.0,0.0
310,3_eT_Gzi0HN4E_79.jpg,0.0,0.0,0.0,0.0,0.0,0.0
312,3_eT_Gzi0HN4E_80.jpg,0.0,0.0,0.0,0.0,0.0,0.0
313,3_eT_Gzi0HN4E_81.jpg,0.0,0.0,0.0,1.0,0.0,0.0
314,3_eT_Gzi0HN4E_82.jpg,0.0,0.0,0.0,1.0,0.0,0.0
315,3_eT_Gzi0HN4E_83.jpg,0.0,0.0,0.0,1.0,0.0,0.0
316,3_eT_Gzi0HN4E_84.jpg,0.0,0.0,0.0,1.0,0.0,0.0
317,3_eT_Gzi0HN4E_85.jpg,0.0,0.0,0.0,1.0,0.0,0.0
318,3_eT_Gzi0HN4E_86.jpg,0.0,0.0,0.0,1.0,0.0,0.0
319,3_eT_Gzi0HN4E_87.jpg,0.0,0.0,0.0,1.0,0.0,0.0
320,3_eT_Gzi0HN4E_88.jpg,0.0,0.0,0.0,0.0,0.0,0.0
321,3_eT_Gzi0HN4E_89.jpg,0.0,0.0,0.0,0.0,0.0,0.0
323,3_eT_Gzi0HN4E_90.jpg,0.0,0.0,0.0,0.0,0.0,0.0
324,3_eT_Gzi0HN4E_91.jpg,0.0,0.0,0.0,0.0,0.0,0.0
325,3_eT_Gzi0HN4E_92.jpg,0.0,0.0,0.0,0.0,0.0,0.0
326,3_eT_Gzi0HN4E_93.jpg,0.0,0.0,0.0,0.0,0.0,0.0
327,3_eT_Gzi0HN4E_94.jpg,0.0,0.0,0.0,0.0,0.0,0.0
328,3_eT_Gzi0HN4E_95.jpg,0.0,0.0,0.0,1.0,0.0,0.0
329,3_eT_Gzi0HN4E_96.jpg,0.0,0.0,0.0,1.0,0.0,0.0
330,3_eT_Gzi0HN4E_97.jpg,0.0,0.0,0.0,1.0,0.0,0.0
331,3_eT_Gzi0HN4E_98.jpg,0.0,0.0,0.0,1.0,0.0,0.0
332,3_eT_Gzi0HN4E_99.jpg,0.0,0.0,0.0,0.0,0.0,0.0
182,3_eT_Gzi0HN4E_100.jpg,0.0,0.0,0.0,1.0,0.0,0.0
183,3_eT_Gzi0HN4E_101.jpg,0.0,0.0,0.0,0.0,0.0,0.0
184,3_eT_Gzi0HN4E_102.jpg,0.0,0.0,0.0,0.0,0.0,0.0
185,3_eT_Gzi0HN4E_103.jpg,0.0,0.0,0.0,1.0,0.0,0.0
186,3_eT_Gzi0HN4E_104.jpg,0.0,0.0,0.0,1.0,0.0,0.0
187,3_eT_Gzi0HN4E_105.jpg,0.0,0.0,0.0,0.0,0.0,0.0
188,3_eT_Gzi0HN4E_106.jpg,0.0,0.0,0.0,0.0,0.0,0.0
189,3_eT_Gzi0HN4E_107.jpg,0.0,0.0,0.0,0.0,0.0,0.0
190,3_eT_Gzi0HN4E_108.jpg,0.0,0.0,0.0,0.0,0.0,0.0
191,3_eT_Gzi0HN4E_109.jpg,0.0,0.0,0.0,1.0,0.0,0.0
193,3_eT_Gzi0HN4E_110.jpg,0.0,0.0,0.0,1.0,0.0,0.0
194,3_eT_Gzi0HN4E_111.jpg,0.0,0.0,0.0,1.0,0.0,0.0
195,3_eT_Gzi0HN4E_112.jpg,0.0,0.0,0.0,1.0,0.0,0.0
196,3_eT_Gzi0HN4E_113.jpg,0.0,0.0,0.0,0.0,0.0,0.0
197,3_eT_Gzi0HN4E_114.jpg,0.0,0.0,0.0,0.0,0.0,0.0
198,3_eT_Gzi0HN4E_115.jpg,0.0,0.0,0.0,0.0,0.0,0.0
199,3_eT_Gzi0HN4E_116.jpg,0.0,0.0,0.0,0.0,0.0,0.0
200,3_eT_Gzi0HN4E_117.jpg,0.0,0.0,0.0,1.0,0.0,0.0
201,3_eT_Gzi0HN4E_118.jpg,0.0,0.0,0.0,1.0,0.0,0.0
202,3_eT_Gzi0HN4E_119.jpg,0.0,0.0,0.0,0.0,0.0,0.0
204,3_eT_Gzi0HN4E_120.jpg,0.0,0.0,0.0,0.0,0.0,0.0
205,3_eT_Gzi0HN4E_121.jpg,0.0,0.0,0.0,0.0,0.0,0.0
206,3_eT_Gzi0HN4E_122.jpg,0.0,0.0,0.0,0.0,0.0,0.0
207,3_eT_Gzi0HN4E_123.jpg,0.0,0.0,0.0,0.0,0.0,0.0
208,3_eT_Gzi0HN4E_124.jpg,0.0,0.0,0.0,1.0,0.0,0.0
209,3_eT_Gzi0HN4E_125.jpg,0.0,0.0,0.0,1.0,0.0,0.0
210,3_eT_Gzi0HN4E_126.jpg,0.0,0.0,0.0,1.0,0.0,0.0
211,3_eT_Gzi0HN4E_127.jpg,0.0,0.0,0.0,1.0,0.0,0.0
212,3_eT_Gzi0HN4E_128.jpg,0.0,0.0,0.0,1.0,0.0,0.0
213,3_eT_Gzi0HN4E_129.jpg,0.0,0.0,0.0,0.0,0.0,0.0
215,3_eT_Gzi0HN4E_130.jpg,0.0,0.0,0.0,0.0,0.0,0.0
216,3_eT_Gzi0HN4E_131.jpg,0.0,0.0,0.0,0.0,0.0,0.0
217,3_eT_Gzi0HN4E_132.jpg,0.0,0.0,0.0,0.0,0.0,0.0
218,3_eT_Gzi0HN4E_133.jpg,0.0,0.0,0.0,0.0,0.0,0.0
219,3_eT_Gzi0HN4E_134.jpg,0.0,0.0,0.0,0.0,0.0,0.0
220,3_eT_Gzi0HN4E_135.jpg,0.0,0.0,0.0,0.0,0.0,0.0
221,3_eT_Gzi0HN4E_136.jpg,0.0,0.0,0.0,1.0,0.0,0.0
222,3_eT_Gzi0HN4E_137.jpg,0.0,0.0,0.0,1.0,0.0,0.0
223,3_eT_Gzi0HN4E_138.jpg,0.0,0.0,0.0,0.0,0.0,0.0
224,3_eT_Gzi0HN4E_139.jpg,0.0,0.0,0.0,0.0,0.0,0.0
226,3_eT_Gzi0HN4E_140.jpg,0.0,0.0,0.0,1.0,0.0,0.0
227,3_eT_Gzi0HN4E_141.jpg,0.0,0.0,0.0,1.0,0.0,0.0
228,3_eT_Gzi0HN4E_142.jpg,0.0,0.0,0.0,0.0,0.0,0.0
229,3_eT_Gzi0HN4E_143.jpg,0.0,0.0,0.0,0.0,0.0,0.0
230,3_eT_Gzi0HN4E_144.jpg,0.0,0.0,0.0,0.0,0.0,0.0
231,3_eT_Gzi0HN4E_145.jpg,0.0,0.0,0.0,0.0,0.0,0.0
232,3_eT_Gzi0HN4E_146.jpg,0.0,0.0,0.0,0.0,0.0,0.0
233,3_eT_Gzi0HN4E_147.jpg,0.0,0.0,0.0,1.0,0.0,0.0
234,3_eT_Gzi0HN4E_148.jpg,0.0,0.0,0.0,1.0,0.0,0.0
235,3_eT_Gzi0HN4E_149.jpg,0.0,0.0,0.0,0.0,0.0,0.0
237,3_eT_Gzi0HN4E_150.jpg,0.0,0.0,0.0,0.0,0.0,0.0
238,3_eT_Gzi0HN4E_151.jpg,0.0,0.0,0.0,1.0,0.0,0.0
239,3_eT_Gzi0HN4E_152.jpg,0.0,0.0,0.0,1.0,0.0,0.0
240,3_eT_Gzi0HN4E_153.jpg,0.0,0.0,0.0,1.0,0.0,0.0
